lat,lon,month,sst,float_id,temp_0m,temp_50m,temp_100m,temp_200m,temp_500m,temp_1000m
16.4741,60.3619,1,26.13,1901897,26.049,26.044,23.214,16.100257425742573,13.102704000000001,9.146
6.9621,68.3801,6,30.62,1902457,30.514,28.146533333333334,20.43204,14.3168,10.71552,7.185
7.0066,68.1522,6,29.74,1902457,30.053,27.798894736842104,23.283974999999998,13.99265,10.557475,7.208
7.2246,67.9159,6,29.41,1902457,29.69,29.68531,22.52766666666667,14.94185,10.61121,7.221
7.4525,67.6841,7,29.43,1902457,29.297,29.31397619047619,21.543375,14.800625,10.827824999999999,7.348381642512077
7.5833,67.6081,7,29.26,1902457,29.373,29.060699999999997,24.050266666666666,14.657499999999999,10.52088,7.362
7.7321,67.5337,7,29.01,1902457,29.306,29.01624,25.15192,14.7486,10.70992,7.352
7.7557,67.3783,8,29.36,1902457,29.569,29.013214285714284,26.791259999999998,14.955875,10.555625,7.361
7.6214,67.1421,8,29.19,1902457,29.236,29.1367,24.375600000000002,14.4719,10.4363,7.199
7.4466,66.8889,8,30.02,1902457,29.913,29.226285,25.11,14.8628,10.558914285714286,7.187
7.2114,66.8025,9,29.58,1902457,29.712,29.287599999999998,22.338394736842105,14.3429,10.455025000000001,7.29
7.0219,66.8908,9,29.7,1902457,29.647,29.395,23.205545454545454,14.008,10.857,7.308
7.0206,67.1563,9,29.92,1902457,30.322,29.349476190476192,22.626,13.6688,10.7728,7.378
7.2153,67.4235,10,29.82,1902457,30.228,29.3155,23.155099999999997,14.08953,10.639344999999999,7.423
7.3343,67.4861,10,30.18,1902457,30.547,29.50967,21.755934999999997,14.335854999999999,10.65256,7.322
7.3418,67.48,10,29.91,1902457,29.794,29.887,24.034,13.663,10.777,7.448
7.3487,67.2808,10,29.58,1902457,29.786,29.874019999999998,27.860442857142857,14.2842,10.93403,7.283
7.4956,66.9603,11,29.87,1902457,30.002,29.412544999999998,26.91995,14.125375,10.849205,7.47
7.5458,66.5816,11,29.92,1902457,30.149,28.87605,25.967155,14.195765,10.708375,7.364
7.3454,66.2713,11,29.72,1902457,30.126,28.693894999999998,25.704861904761906,15.157895,10.933655,7.183
6.9964,65.9791,12,30.07,1902457,29.741,29.44972,25.173515000000002,14.107899999999999,10.905725,7.376
6.7461,65.8048,12,29.95,1902457,29.886,29.3065375,24.696257142857142,13.900265,10.954315000000001,7.325
6.6603,65.7204,12,29.47,1902457,29.836,29.538170588235296,23.380705000000003,14.37145,10.75679,7.292
12.4713,67.8487,6,29.83,1902458,29.659,29.58521,25.42097,15.85582,11.84128,8.178
12.217,67.8093,6,29.46,1902458,29.32,29.028945,23.897725,16.101315,11.9531,8.276
11.986,67.9968,7,28.83,1902458,28.886,28.898945,25.143138095238093,15.99627,11.674069999999999,8.14
11.9656,68.1886,7,28.67,1902458,28.642,28.593175,24.369025,16.222025,11.75895,7.953
12.0813,68.523,7,28.58,1902458,28.745,28.754894999999998,25.212075,17.372065,11.67531,8.035
12.3185,69.0145,8,28.54,1902458,28.55,28.670775,24.061825,16.072425,11.760955000000001,7.998
12.8281,69.2707,8,28.55,1902458,28.326,28.241,24.5522,15.9004,11.801,7.909
13.5294,69.3703,8,28.79,1902458,28.742,28.206580000000002,23.50584,16.513435,11.818155,8.092
14.1196,69.6073,9,29.05,1902458,29.309,28.14992,22.5728,15.99281,11.707329999999999,8.102
14.1175,69.7919,9,29.25,1902458,29.207,28.106405,22.61496,16.014235000000003,11.675130000000001,8.19
13.7809,69.6855,9,28.85,1902458,29.132,28.687399999999997,21.196559999999998,15.59188,11.884599999999999,8.159
13.4423,69.4257,10,28.84,1902458,28.882,28.1756,21.132625,15.082474999999999,11.724015000000001,7.989
13.0873,69.2227,10,29.37,1902458,29.422,28.140309090909092,21.53539,15.545245,11.78695,7.731088780487806
12.8853,69.0469,10,29.31,1902458,29.788,27.650335000000002,21.876085,15.41022,11.618995,7.775
12.8723,68.8978,11,29.74,1902458,29.91,28.126925,21.77476,15.283625,11.492665,7.946
13.0084,68.6601,11,29.96,1902458,29.98,28.390336842105263,21.90006,15.31024,11.554260000000001,7.629
13.2038,68.6518,11,29.71,1902458,29.816,28.645915,22.692684999999997,15.575029999999998,11.914275,7.926
13.2098,68.8129,12,29.31,1902458,29.562,29.17947142857143,21.423830000000002,15.391545,11.54421,8.065
13.5094,68.3794,12,29.04,1902458,29.363,27.891840000000002,20.971,15.81608,11.58464,7.921
13.8612,68.053,12,28.76,1902458,28.913,29.072689999999998,22.00896,15.456185000000001,11.667955000000001,8.105
14.0589,67.9065,12,28.77,1902458,29.021,29.0261,23.37093,16.369519999999998,11.678180000000001,8.266
5.336386166666667,79.97267116666667,6,28.79,1902594,29.183,28.635085714285715,20.91557286432161,13.509516129032258,10.35398869475848,6.81
5.3590405,80.06887583333334,6,28.82,1902594,29.368,27.162115,21.283875675675674,14.070139896373057,10.247565883554648,6.644
5.399399,80.20273483333334,6,28.82,1902594,29.347,27.53837745098039,20.750563451776646,13.869913705583755,10.214980237154151,7.028
5.417721666666667,80.36266466666666,6,28.87,1902594,29.23,28.124725,21.965110000000003,13.880461538461539,10.201123966942149,6.84
5.439791666666667,80.52597216666666,6,28.88,1902594,29.256,26.042807486631016,21.415142131979696,13.71579166666667,10.174545,6.776
6.2013376666666655,82.07709916666666,6,28.92,1902594,29.787,26.50045631067961,21.619197044334975,14.424317073170732,9.996709844559586,6.498
7.149867,82.86604549999998,7,29.29,1902594,29.286,21.19172,16.68901923076923,12.948143540669856,8.932908554572272,6.388
8.482948,81.90294133333333,7,29.39,1902594,29.218,24.586966507177035,17.453304347826087,12.698052631578948,9.952673469387754,6.699
10.921375833333332,81.6394465,7,29.11,1902594,29.152,25.255464454976305,20.066014492753624,12.675619883040936,9.699567298105682,6.814
10.6401055,82.46076366666667,8,29.46,1902594,29.698,23.83817857142857,17.729661971830986,13.05688669950739,9.484719298245615,6.888
9.080090833333331,82.489473,8,29.44,1902594,29.832,21.067202898550725,17.428275862068965,12.896,9.74069040553907,6.618
9.663212499999998,83.12829283333333,8,29.49,1902594,29.607,23.57054081632653,20.073710280373835,13.106151658767773,9.779471275559883,6.713
9.963577166666663,83.15587150000002,9,29.28,1902594,29.495,24.81520588235294,18.40181447963801,12.561014925373135,9.836876753507015,6.799
10.670567166666668,83.14006466666666,9,29.03,1902594,29.298,25.963875621890548,19.05188944723618,12.821618090452262,9.74935433070866,6.751
11.533433833333332,82.9419055,9,29.18,1902594,29.379,26.77958201058201,19.13835,12.77613612565445,9.710551654964895,6.784
12.226834666666663,82.67522316666667,10,29.1,1902594,29.331,25.88009268292683,17.75071276595745,12.541469387755102,9.705567567567567,6.762
12.722104000000002,82.89659483333335,10,29.98,1902594,29.837,28.81837566137566,18.07917924528302,12.463146341463414,9.823344064386319,6.782
12.526323333333334,83.1313055,10,29.22,1902594,29.162,23.840591743119266,19.1859793814433,12.75265,9.786458458458458,6.88
12.686230833333331,83.39716883333334,11,29.35,1902594,29.488,22.722432989690724,18.69247093023256,12.563615384615384,9.566637462235649,6.824
12.690557666666669,83.95339100000001,11,29.35,1902594,29.604,26.410528846153845,19.299603015075377,13.455507177033494,9.79645518630413,6.635
12.290422333333334,84.283852,11,29.3,1902594,29.158,27.313325242718445,22.392829145728644,14.80925,10.116423,6.826
11.804426666666666,84.0131865,12,28.86,1902594,28.763,26.312745,19.392367924528305,13.4019,9.897643835616439,6.822
11.669524666666666,83.55773633333335,12,28.43,1902594,28.353,24.591142857142856,18.74265306122449,13.048523364485982,9.731039235412474,6.612
11.387391333333335,83.42028166666665,12,28.25,1902594,28.737,28.755057971014494,21.82559139784946,14.685678391959799,10.04231419939577,6.814
13.35,88.05,9,28.86,1902669,28.845,26.82311111111111,21.196584158415842,13.089706214689267,9.460862903225808,6.436
13.533333333333331,88.21666666666667,10,29.3,1902669,29.221,27.612867346938774,20.61620618556701,13.10921142857143,9.677185770750988,6.534
13.833333333333334,88.15,10,29.72,1902669,30.14,27.90779381443299,20.982046728971962,13.374152542372881,9.760263157894737,6.712
14.416666666666666,87.91666666666667,10,29.56,1902669,29.534,25.878393939393938,20.782061224489798,13.472658959537572,9.795888461538462,6.712
14.916666666666666,87.88333333333334,11,29.62,1902669,29.643,28.090799999999998,20.67568316831683,13.866666666666667,9.914692913385828,6.838
15.133333333333333,88.2,11,29.4,1902669,29.205,26.394075471698113,21.12807692307692,14.29671676300578,9.963788844621513,6.982
14.95,88.35,11,28.94,1902669,29.091,27.83761616161616,23.798960396039604,14.383311111111112,10.005812749003985,6.93
14.4,88.2,12,29.04,1902669,29.189,28.228053191489362,22.31953,14.207883720930232,9.921889344262295,6.833
14.0,87.75,12,28.38,1902669,28.466,28.176789473684213,21.952408163265307,14.23689534883721,9.749141176470589,6.716
6.033333333333333,88.53333333333333,10,28.81,1902670,28.999,28.756625,23.039631067961167,13.187775147928996,9.905076923076923,6.833
5.733333333333333,88.56666666666666,10,28.82,1902670,28.876,26.573233009708737,18.61270652173913,12.746285714285714,9.980096774193548,6.882
5.566666666666666,88.75,10,29.27,1902670,29.565,27.698681818181818,19.093714285714285,13.035127906976745,10.120774193548387,6.845
5.816666666666666,89.08333333333333,11,29.27,1902670,29.412,27.28270588235294,17.566027777777776,12.578285714285714,9.750556451612903,6.67
6.35,89.51666666666667,11,29.58,1902670,29.369,24.92437142857143,17.255347368421052,12.337907514450867,9.91580876494024,6.763
6.166666666666667,89.75,11,29.11,1902670,29.304,21.433194444444442,16.114819047619047,12.560727272727274,9.899137096774194,6.694
5.5,89.73333333333333,12,29.1,1902670,29.58,23.449076923076923,16.32053535353535,12.595869318181819,10.03808064516129,6.919
5.1,89.65,12,29.42,1902670,29.324,21.005971153846154,16.77150485436893,13.343872832369943,10.552,7.047
17.733333333333334,68.9,10,28.98,1902671,29.571,28.55788679245283,22.026643564356437,16.08565714285714,12.248397590361446,8.597
18.016666666666666,68.66666666666667,10,29.46,1902671,29.667,27.44106,21.877603773584905,17.079790960451977,12.445191235059761,8.49
18.08333333333333,68.78333333333333,11,29.82,1902671,29.75,28.170938775510205,22.7364375,17.191052023121387,12.515826771653543,8.492
17.883333333333333,68.98333333333333,11,29.71,1902671,29.71,27.1155,20.502886597938144,17.293714285714287,12.392499999999998,8.661
17.633333333333333,69.11666666666666,11,29.11,1902671,29.227,28.55596907216495,21.17570297029703,15.983951807228916,12.495084337349397,8.473
17.366666666666667,69.21666666666667,12,28.67,1902671,28.974,28.505940594059403,21.56688,16.735539325842698,12.314733333333333,8.368
17.083333333333332,69.41666666666667,12,28.03,1902671,28.442,26.60555339805825,20.665857142857142,15.885033519553073,12.635,8.437
18.15,68.36666666666666,10,29.11,1902672,29.345,28.50296,22.994643564356437,17.41401714285714,12.565584,8.642
18.383333333333333,68.36666666666666,10,28.77,1902672,29.385,28.41096,22.6667,16.997089820359278,12.628374501992031,8.8
18.45,68.53333333333333,10,29.49,1902672,29.555,28.579757575757576,23.413653846153846,17.594792899408283,12.610552,8.967
18.383333333333333,68.73333333333333,11,29.74,1902672,29.554,27.922445544554456,22.705363636363636,17.14643352601156,12.536589641434263,8.806
18.23333333333333,68.95,11,29.42,1902672,29.094,28.87502105263158,22.578777777777777,17.05170930232558,12.639239043824702,8.596
18.133333333333333,69.15,11,28.85,1902672,29.04,28.56626530612245,22.89869696969697,17.750154696132597,12.815979919678716,8.62
18.066666666666663,69.28333333333333,12,28.3,1902672,28.716,28.145873684210525,20.939485436893204,16.314405405405406,12.723877470355731,8.716
18.016666666666666,69.33333333333333,12,27.69,1902672,27.982,27.667051020408163,21.80969306930693,16.585785714285713,12.655056,8.713
13.733333333333333,68.43333333333334,11,29.7,1902673,29.886,27.417795918367347,22.353948453608247,15.381473684210526,11.47882304526749,7.897
14.133333333333333,68.51666666666667,11,29.87,1902673,30.115,27.227541666666667,20.651151515151515,15.940556818181818,11.647975903614459,7.273
13.85,68.48333333333333,11,29.47,1902673,29.674,28.2931,23.11260824742268,16.20118181818182,11.473928571428571,7.999
14.3,68.5,12,29.09,1902673,29.453,28.271098039215687,22.681156862745098,15.505936416184971,11.757876494023904,8.29
14.466666666666669,68.08333333333333,12,28.81,1902673,29.094,28.764222222222223,21.581371134020618,15.900428571428572,11.91063492063492,8.19
6.732,73.962,1,28.24,2902182,28.244,28.193,24.206,15.011,10.44619617927994,6.9744
6.83,73.468,1,27.83,2902182,27.577,27.656,25.275,15.098,10.502695035460993,7.0773
7.274,73.365,1,27.54,2902182,27.649,28.238,27.411,16.438,10.389476088508209,6.9833
7.906,72.856,2,28.89,2902182,28.92,28.166,24.961,15.359,10.943879159369528,6.9646
8.2,72.886,2,29.36,2902182,28.929,28.71505,21.528,15.509,10.93309619238477,7.0762
8.498,72.929,3,28.85,2902182,29.118,28.037,23.822,15.932,10.649709471443774,7.0315
8.668,73.082,3,29.11,2902182,29.529,28.406,27.805,14.78,10.106641044776119,6.9662
8.4,73.432,3,28.93,2902182,29.635,28.309,27.328857142857146,16.478,10.658031593406594,6.9991
7.582,73.641,4,29.63,2902182,30.112,28.288333333333334,23.996434782608695,16.398,10.648357452484161,6.9596
6.713,73.981,4,30.48,2902182,30.745,28.938,25.381,14.332,10.500910891089108,6.9434
7.631,73.835,6,29.34,2902182,29.738,27.08438095238095,20.11,14.204,10.481405405405404,7.0453
7.776,73.427,7,29.08,2902182,29.315,26.766,19.594,14.009,10.511026061877294,6.9326
7.973,73.209,7,29.08,2902182,29.351,29.249,22.141,14.382,10.472348330914368,6.8836
8.201,73.245,7,29.0,2902182,29.174,29.151,23.805,14.644,10.480797378675168,6.8205
8.241,73.162,8,29.24,2902182,29.088,29.084,24.17,13.603,10.431973552425665,6.7793
8.307,73.225,8,29.27,2902182,29.304,29.221,21.999,14.117,10.54871855010661,6.9244
7.99,73.268,8,29.37,2902182,29.458,29.278,22.057199999999998,13.999,10.243785095320623,7.0386
7.896,73.318,9,29.05,2902182,29.266,29.418,19.809,13.99,10.653878727634195,6.9903
7.797,73.698,9,29.15,2902182,29.02,29.0,20.593,14.274,10.302900107797342,6.9427
8.047,74.041,9,29.09,2902182,29.232,28.742,17.853,13.655,10.57006347826087,6.9562
17.993,60.519,1,25.32,2902201,25.37,25.075223324683254,24.0060735765532,21.867774080293085,15.452875591512749,9.223
14.28,67.004,5,30.74,2902203,30.88,29.22076271186441,24.326875,16.820463917525775,12.394409638554217,8.404
14.652,66.44,7,28.25,2902203,28.258,28.270038095238096,23.633,17.01936448598131,12.30641235059761,8.733
14.68,66.525,7,27.73,2902203,28.011,27.64430615942029,24.014777173913043,17.499062801932368,12.91085626967957,8.735
14.941,66.372,8,28.02,2902203,27.838,27.756603773584906,25.083669154228854,17.950959183673472,12.33225748502994,8.499
15.32,66.222,8,28.23,2902203,28.082,27.707490566037734,24.387625,18.499103139013453,12.650552,8.948
15.659,66.295,9,28.72,2902203,28.58,26.838432432432434,24.84994117647059,17.149,12.48512,8.902
15.711,66.247,10,29.29,2902203,29.384,26.95606422018349,24.357656565656566,17.38725,12.35327689243028,8.637
15.644,66.253,10,28.78,2902203,29.208,26.571173076923078,23.396084112149534,17.751757281553395,12.349161735700196,8.295
15.686,66.316,10,29.24,2902203,29.524,26.166895833333335,22.815685185185185,17.805319587628865,12.303183467741936,8.492
15.907,66.271,11,29.32,2902203,29.39,26.43790909090909,22.308,17.21337313432836,12.062970297029704,8.695
16.055,66.245,11,29.56,2902203,27.173,26.608056603773584,23.068704347826085,17.0581592920354,11.996007936507937,8.869
16.119,66.429,11,28.76,2902203,28.688,26.888373913043477,22.56151851851852,17.258839598997493,11.95,9.022
16.202,66.525,12,28.22,2902203,27.942,26.81674247491639,22.596232758620687,17.050786359077232,12.308514910536779,8.31
16.188,66.492,12,27.41,2902203,27.768,27.68419230769231,22.964390476190477,17.404682872928177,12.168478260869565,8.491
16.630303333333334,64.19328166666666,1,25.94,2902263,25.705,25.662,22.6464,17.560181818181817,12.34591089108911,8.974
16.797738333333335,64.10817666666667,1,25.76,2902263,25.466,25.298363636363636,22.617272727272727,17.70072727272727,12.275,8.962
16.964848333333332,63.98026166666666,1,25.06,2902263,25.087,25.086,22.34388888888889,17.513555555555556,12.374,8.956
17.203045,63.67583666666667,2,25.09,2902263,25.172,24.948500000000003,23.282555555555557,17.386444444444443,12.268346534653466,8.877
17.343213333333335,63.35111666666667,2,25.86,2902263,25.35,24.9415,24.7774,18.081,12.432858585858586,8.987
17.416418333333333,63.06319333333333,2,25.61,2902263,25.635,24.939444444444444,24.000999999999998,17.589,12.607858585858585,8.993
17.478398333333335,62.798635,3,26.3,2902263,25.907,24.46211111111111,23.8945,17.682545454545455,12.541257425742575,8.941
17.460513333333335,62.69997333333333,3,27.57,2902263,27.53,24.485555555555553,23.8796,17.427333333333333,12.764222222222221,8.811
17.430841666666666,62.75018833333333,3,28.27,2902263,27.607,24.6612,23.820600000000002,17.6708,12.555,8.892
17.486273333333333,62.87212666666667,4,29.36,2902263,28.134,24.272444444444446,22.064999999999998,17.450200000000002,12.556285714285714,8.868
17.80569,62.9966,4,30.09,2902263,29.86,25.4585,22.7112,17.581636363636363,12.784564356435645,8.956
18.24096,63.21985333333333,4,30.25,2902263,29.77,26.4758,23.418,17.866,12.72184,8.864
18.284821666666662,63.662578333333336,5,31.18,2902263,30.307,27.224,22.469666666666665,17.206,12.746,9.161
17.92429,63.81762333333333,5,31.13,2902263,31.117,27.788800000000002,25.068545454545454,17.889363636363637,12.6965,9.084
17.52558833333333,63.624015,5,31.58,2902263,31.04,28.418545454545455,25.136499999999998,18.22075,12.586595959595961,9.034
17.053895,63.43620333333333,6,31.18,2902263,31.384,29.926000000000002,23.607333333333337,17.339,12.656009708737864,8.816
16.658166666666666,63.44587333333333,6,29.94,2902263,29.945,29.916363636363634,22.0565,16.744454545454545,12.486176470588235,8.626
16.532106666666667,63.61049333333333,6,29.36,2902263,29.627,29.5958,23.1515,16.497500000000002,12.60170297029703,8.522
16.654093333333332,63.86076666666666,7,28.35,2902263,28.51,28.5225,24.1006,17.8908,12.54695918367347,8.487
16.872191666666666,63.88552166666667,7,28.13,2902263,28.138,28.149,24.22809090909091,18.9618,12.75793,8.619
16.987441666666665,63.895365,7,27.14,2902263,27.453,27.468,24.445,17.88,12.921421568627451,8.89
17.021231666666665,63.89885666666667,8,27.17,2902263,27.198,27.209,25.813,17.855555555555554,12.833118811881187,8.798
17.025191666666668,64.00247,8,27.64,2902263,27.352,27.258499999999998,25.762,18.084222222222223,12.660544554455447,8.61
16.73303,64.08311666666667,8,27.53,2902263,27.427,27.391,26.47788888888889,18.491,12.922424242424242,8.915
16.478193333333333,64.09090666666667,9,27.99,2902263,27.937,27.0466,26.4145,18.64609090909091,12.897555555555556,8.709
16.406126666666665,64.05289833333333,9,27.87,2902263,27.853,26.8755,25.8278,18.925545454545453,12.81001,8.792
16.417503333333332,64.00120333333334,9,28.23,2902263,27.961,27.484727272727273,25.692999999999998,18.744727272727275,12.822717171717173,8.657
16.142393333333334,63.91923,10,29.02,2902263,28.731,27.294,25.288,18.46690909090909,12.703910891089109,8.713
16.038535,63.74069333333333,10,29.07,2902263,29.315,27.372,24.443545454545454,18.234499999999997,12.33309900990099,8.693
16.111238333333333,63.46898,10,29.06,2902263,29.115,27.73736363636364,25.266454545454547,18.2735,12.483881188118813,8.532
16.089775,63.241975,11,29.13,2902263,29.25,27.7546,25.74772727272727,18.481499999999997,12.837505154639175,8.66
15.912408333333332,63.06627833333334,11,29.1,2902263,28.972,26.94518181818182,25.924599999999998,18.118,12.777510204081633,8.736
15.757391666666669,62.85125333333333,11,28.6,2902263,28.787,28.671888888888887,25.936,18.6495,12.844117647058825,8.674
15.760951666666667,62.46935,12,27.78,2902263,27.652,27.666,24.620555555555555,18.4705,12.898363636363635,8.516
15.798306666666669,62.05026,12,26.72,2902263,26.896,26.827,25.0488,18.539818181818184,12.8775,8.522
15.866403333333333,61.63808,12,26.46,2902263,26.68,26.666,26.6055,18.716333333333335,13.046,8.505
10.440458333333334,87.97748666666666,1,27.95,2902264,28.014,27.994500000000002,23.85511111111111,14.621,9.903712871287128,6.831
10.183761666666667,87.58418666666667,1,27.64,2902264,27.873,27.9405,23.25390909090909,14.25,9.94643,6.616
10.0011,87.18756833333333,1,27.5,2902264,27.625,27.749111111111112,23.753999999999998,14.8885,9.85110101010101,6.533
9.90383,86.89920666666667,2,27.66,2902264,27.723,27.700499999999998,22.555,14.1655,9.862556701030927,6.462
9.893385,86.76967833333333,2,27.8,2902264,27.839,27.75,23.21611111111111,14.28911111111111,9.884058823529413,6.637
9.91488,86.72757333333334,2,28.29,2902264,28.48,28.2916,25.452,14.751,9.8505,6.482
10.001126666666666,86.69313166666667,3,28.38,2902264,28.576,28.6628,26.598444444444443,15.867272727272727,9.945871287128712,6.587
9.969291666666669,86.69173666666667,3,28.75,2902264,28.882,27.90877777777778,24.8855,14.999500000000001,9.90652,6.796
9.834691666666666,86.77808333333333,3,29.37,2902264,29.796,28.121,25.6355,15.515,9.8385,6.619
9.473201666666666,86.90103833333333,4,30.02,2902264,30.214,28.2665,25.273363636363637,14.3045,9.7883,6.524
9.329341666666666,87.05589333333333,4,30.98,2902264,30.927,28.200222222222223,24.21066666666667,14.750200000000001,9.570098039215686,6.479
14.437319,65.560982,1,27.06,2902270,27.0652,27.06386009852217,22.693416582914573,16.09380631067961,11.62859420289855,8.3762
14.642855,66.150887,1,26.48,2902270,26.4734,26.48218855721393,22.27578774509804,16.393941379310345,12.03944824120603,8.4676
14.662475,66.193718,2,26.45,2902270,26.4991,26.416811707317073,21.625683417085426,15.509416336633665,11.84236111111111,8.7343
14.782802,66.149727,2,27.04,2902270,26.9076,24.219673500000003,19.6836,15.394152763819095,11.875631862745099,8.4021
14.758357,66.112984,3,27.48,2902270,27.2904,24.482201382488476,18.65583054187192,15.23081921182266,11.976268292682928,8.7547
14.618083,65.914795,3,28.16,2902270,28.0946,26.0341783919598,19.83363959390863,15.379100000000001,11.887052475247526,8.6525
14.476187,65.64904,3,29.0,2902270,28.8559,27.111129850746266,22.77439108910891,15.605857,11.9229985,8.6046
14.251308,65.450821,4,29.57,2902270,29.1796,27.425969950738914,22.993814903846154,16.22301592039801,11.9769,8.697
13.86719,65.355888,4,29.48,2902270,29.4927,27.770126341463413,21.72659798994975,15.888273039215687,11.817301492537313,8.5751
13.564152,65.498047,4,30.69,2902270,30.3316,28.161523451327433,21.64541105527638,16.328326108374384,11.783582587064677,8.6307
13.404295,65.686409,5,30.65,2902270,30.4716,27.31061504854369,20.546814356435643,16.8759,12.00010447761194,8.5914
12.954997,65.851654,5,31.04,2902270,30.8715,26.11998039215686,21.0443,17.902858,12.101415656565656,8.5546
12.619842,66.075241,5,31.61,2902270,31.5357,27.579578391959796,22.580251231527093,16.148194527363184,12.153461025641025,8.3897
12.969653,66.144852,6,31.8,2902270,31.4929,28.750746534653466,21.881463,16.262708457711444,12.17343383838384,8.2536
13.747125,66.877098,6,29.36,2902270,29.3696,28.53373943661972,24.272957213930347,16.181341791044776,12.231981592039801,8.408
12.997877,67.098167,7,28.27,2902270,28.4295,28.4407,25.20865219512195,16.4981,12.0717,8.5454
12.412923,66.779472,7,28.6,2902270,28.5664,28.529273399014777,24.654378743961352,16.6435763546798,12.128110837438424,8.5088
12.184366,66.632858,7,28.44,2902270,28.6567,28.608770243902438,25.83971330049261,17.22852713567839,12.245281188118811,8.3843
12.373718,66.598885,8,28.7,2902270,28.6319,28.636828358208955,25.886081683168317,17.3108,12.101956157635469,8.652
12.536344,66.480194,8,28.63,2902270,29.0031,27.8684,27.246734673366834,16.874062561576356,12.078548989898989,8.5112
12.510919,66.21801,8,28.7,2902270,29.0824,27.8032,22.326584,16.617503499999998,11.879738,8.3361
12.363895,66.061821,9,28.88,2902270,28.9516,28.130863316582914,22.97081219512195,16.54957711442786,11.99915931372549,8.2945
12.49056,66.192642,9,28.71,2902270,28.951,28.909403015075377,25.948533492822968,16.906007425742576,12.152737055837562,8.2278
12.621023,66.476562,9,28.79,2902270,28.8114,28.62958932038835,24.17962871287129,16.740922,12.15808712871287,8.36
12.92621,66.456886,10,29.76,2902270,29.4125,27.559775000000002,23.190594581280788,16.04298358208955,12.127330653266332,8.341
13.28338,66.18821,10,28.91,2902270,29.3953,27.33811608040201,22.952736945812806,15.500257843137256,12.1512,8.3701
13.50536,65.938637,10,29.1,2902270,29.4893,26.595317412935323,23.79997290640394,15.756029411764706,12.0138,8.1971
13.555152,65.727516,11,29.53,2902270,29.4551,27.09604162436548,23.00212727272727,16.1105345,12.041555665024632,8.2982
13.78857,65.432549,11,29.45,2902270,29.3678,27.416471641791045,23.540794527363186,16.926931683168316,12.049833663366337,8.4079
14.144526,65.065788,11,28.44,2902270,28.7149,27.229506896551722,23.38672831858407,16.27344630541872,12.009230882352941,8.4469
14.379923,64.891006,12,28.0,2902270,27.7567,27.631382,22.82783787878788,15.97500980392157,11.992098994974874,8.4364
14.583087,64.867981,12,27.2,2902270,27.4994,27.529591584158414,24.23496294642857,16.37980909090909,12.245643,8.6634
15.304849,65.77919,1,27.26,2902271,26.8434,26.9352,22.4773,16.442290594059404,11.9525,8.4013
15.341057,65.591393,1,26.78,2902271,26.7406,26.796913567839198,22.864268,16.107305472636813,11.83091921182266,8.4203
15.437563,65.38784,1,26.39,2902271,26.2022,26.230602970297028,21.2713,16.176867647058824,12.102449753694582,8.168
15.54479,65.270416,2,25.69,2902271,25.6052,25.613061576354678,19.846615841584157,16.013832835820896,11.995446039603959,8.3082
15.655369,65.100929,2,26.32,2902271,25.7564,25.3661,21.760864179104477,16.3081,12.1245,8.4885
15.83444,64.955223,2,26.66,2902271,26.648,25.8542785,22.23257931034483,16.451831000000002,12.0312,8.4228
15.991138,64.82235,3,27.4,2902271,26.9932,26.1207,22.281418181818182,16.9040398989899,12.13870396039604,8.6452
16.16857,64.660568,3,27.9,2902271,27.4458,23.830985853658536,20.302205,16.131065517241378,12.16814,8.7616
16.369799,64.528603,3,28.66,2902271,28.0583,26.59331683168317,21.816044444444447,16.26838275862069,12.145434,8.7906
16.407843,64.515961,4,29.62,2902271,28.7724,26.119824242424244,22.45667524752475,16.929873869346732,12.15786432160804,8.6641
16.207806,64.523857,4,29.52,2902271,29.1752,26.57406956521739,21.3495455,16.706525373134326,12.296359898477158,8.7799
15.766005,64.664581,5,30.24,2902271,30.0436,26.9293,22.812788118811884,17.876169154228855,12.302386633663367,8.646
15.469071,64.992287,5,31.3,2902271,31.0175,27.03034117647059,22.328351515151514,17.583315228426397,12.271805365853657,8.5523
15.234487,65.247581,5,32.03,2902271,31.4671,28.873092307692307,24.758106030150753,17.83540792079208,12.45850895522388,8.6161
15.203778,65.216209,6,32.39,2902271,32.2107,28.87594732142857,25.203004265402843,17.710506666666667,12.379254639175258,8.561
15.212585,65.092644,6,30.09,2902271,30.0394,27.79044375,24.560358823529413,17.62065458937198,12.411191262135922,8.4948
15.090038,64.924065,6,30.1,2902271,29.4698,29.23518158995816,23.452314871794872,17.439509900990096,12.26861584158416,8.54
14.83167,64.660072,7,28.78,2902271,28.8171,28.829254368932038,25.001364705882352,17.4869,12.168954773869347,8.5134
14.543036,64.365395,7,28.58,2902271,28.4274,28.438104,24.57024416243655,17.861,12.148800502512563,8.4669
14.37061,64.10202,7,28.0,2902271,28.108,28.119410447761194,27.486712648221342,18.026752499999997,12.318259090909091,8.4339
14.076226,63.853069,8,27.45,2902271,27.7057,27.723695566502464,26.659099009900988,18.15217881773399,12.571093969849246,8.5852
13.593113,63.368912,8,28.0,2902271,27.8129,27.550939901477832,26.91950646766169,18.514928,12.620953299492387,8.7802
13.437975,63.138123,8,27.82,2902271,27.9296,27.8459,27.414109803921566,20.469372277227723,12.632576119402986,8.5889
13.283856,63.072739,9,28.27,2902271,28.3929,28.32668717948718,26.904509452736317,19.98803448275862,12.3915608040201,8.3692
13.140813,63.240791,9,28.19,2902271,28.4536,28.426366169154228,26.9748,19.618320202020204,12.5965,8.5038
13.196458,63.41592,9,28.71,2902271,28.7592,28.283921608040202,27.066016831683168,18.93272205882353,12.48434776119403,8.4452
13.353833,63.588909,10,29.19,2902271,29.1484,28.339866666666666,26.428014,18.200712,12.531616748768474,8.2439
13.539046,63.670689,10,28.65,2902271,29.0345,27.03413103448276,25.430096585365852,17.803925870646765,12.4919,8.3949
13.916942,63.50082,10,28.59,2902271,28.9387,27.42307251184834,24.120327860696516,17.444506060606063,12.49309751243781,8.1942
13.983397,63.47464,11,29.15,2902271,28.9527,28.17903842364532,25.936943069306928,18.471508040201005,12.587835323383084,8.5363
13.830876,63.379517,11,28.23,2902271,28.4753,27.799701960784315,26.0826,18.225485074626867,12.4907,8.5482
14.056177,63.091763,12,27.58,2902271,27.7941,27.80027014925373,23.418737931034485,17.32858793969849,12.429217412935323,8.2834
14.340511,62.941051,12,26.77,2902271,26.8166,26.800596,23.4691,17.488483084577112,12.089122110552763,8.1232
18.155157,63.401546,1,26.1,2902272,25.4943,25.47938208955224,21.821495098039215,17.4418,12.893576097560976,8.8583
18.290081,63.388302,1,25.34,2902272,25.4482,25.464904901960786,22.139060301507538,17.4117,12.729813793103448,8.9704
18.45137,63.313721,1,25.18,2902272,24.8531,24.87629104477612,22.216166666666666,17.4442432160804,12.844696019900498,9.047
18.565887,63.188728,2,24.75,2902272,24.6137,24.62058811881188,23.3174,17.618252000000002,12.871455,9.1995
18.657988,62.991894,2,25.22,2902272,24.7223,24.612763316582914,24.507069306930696,18.234092920353984,12.7602,9.291
18.666975,62.839043,2,25.67,2902272,25.0421,24.2027572815534,23.75031393034826,17.781421319796955,12.605404020100503,9.2037
18.426279,62.740276,3,26.4,2902272,25.6415,24.60599417475728,24.19967339901478,17.767107843137254,12.728449000000001,9.1816
18.092489,62.789913,3,27.44,2902272,26.4377,24.220570588235294,24.098029648241205,17.425345544554457,12.5889,9.2095
17.963751,63.165459,3,27.38,2902272,27.1357,24.222456281407034,21.637850251256282,17.02386748768473,12.7116635,8.9742
18.230667,63.495396,4,29.13,2902272,28.4092,25.18831941747573,23.5291,17.2287775,12.7981,9.0644
18.458267,63.746193,4,29.78,2902272,29.0042,25.463535820895522,20.943577386934674,18.00013432835821,12.775,9.0698
18.474113,64.105255,4,30.39,2902272,29.7089,25.446869801980196,23.318054,18.235751741293534,12.76216633165829,9.0712
18.189726,64.405418,5,30.05,2902272,29.9153,28.423003015075377,24.355027093596057,18.250314778325123,12.862237313432836,9.1156
17.648529,64.423767,5,31.35,2902272,30.6678,27.63291895734597,23.463551707317073,17.876477227722773,12.821060000000001,8.9005
17.166449,64.247459,5,31.73,2902272,30.966,28.2698718061674,22.306543842364533,17.567,12.753682,8.6518
16.963516,64.129219,6,31.75,2902272,31.2935,28.342477647058825,23.784396517412937,16.897771144278607,12.463879104477613,8.5409
16.954908,64.035469,6,30.48,2902272,30.4506,26.19146338028169,21.822518905472634,16.631195073891625,12.4268,8.6345
17.158428,63.910797,6,30.13,2902272,29.6423,29.749456140350876,22.584639000000003,17.649776616915425,12.5913,8.6328
17.471502,63.856522,7,29.06,2902272,29.1242,29.140283582089552,23.646471287128715,16.947001886792457,12.784,8.7453
17.813492,63.839977,7,28.79,2902272,28.8732,28.887718274111673,23.77025763546798,18.044570792079206,12.775250753768844,8.7166
17.93668,63.923122,7,28.13,2902272,28.0619,28.0779,23.933263,18.5209,12.76770909090909,8.8405
17.780018,64.198677,8,27.06,2902272,27.5112,27.52330197044335,22.9702,19.164479292929293,12.710060606060607,8.7631
17.676752,64.682976,8,27.45,2902272,27.2772,27.292415075376883,24.23763908629442,18.076951256281408,12.712426341463413,8.764
17.498697,65.205864,8,28.02,2902272,27.3904,27.24451176470588,23.984738383838383,18.6946,12.762085572139304,8.6603
17.598431,65.45018,8,27.34,2902272,27.8147,26.793113065326633,22.933430303030303,18.743141584158415,12.588555,8.5027
17.233786,65.69857,11,28.47,2902272,28.7807,28.77542,22.073637055837562,16.92348457711443,12.481000497512438,8.7274
17.476694,65.432213,12,27.48,2902272,27.4119,26.507013157894736,21.205480203045685,17.01396616915423,12.444355999999999,8.7762
17.803093,65.075539,12,27.12,2902272,27.2329,26.62334039408867,21.48282561576355,17.030473631840795,12.53202512315271,8.9422
17.831415,66.911713,1,26.25,2902273,25.747,23.357164251207728,21.543,16.387159420289855,12.486070351758794,8.735
17.8291,67.012299,1,25.75,2902273,25.633,25.567597989949746,21.74125,17.59415228426396,12.373470588235294,8.85
17.937313,67.159355,1,25.49,2902273,25.209,25.30902985074627,21.18659405940594,17.755944444444445,12.617029702970298,8.826
18.165434,67.185699,2,26.2,2902273,25.571,23.92211133004926,20.173873786407768,16.158831,12.429357142857143,8.749
18.267786,67.046928,2,26.76,2902273,26.565,24.38759113300493,22.944289855072462,16.87235265700483,12.550979899497488,8.862122448979592
18.397881,66.894867,3,27.56,2902273,26.977,23.39771573604061,20.619166666666665,16.613227722772276,12.553652173913044,8.954
18.355539,66.891891,3,27.76,2902273,27.338,25.93460199004975,24.22735,17.593371859296482,12.638085,9.097
17.998785,66.741875,3,28.19,2902273,27.834,25.829714285714285,23.77952,17.130969999999998,12.668466019417474,9.012348258706467
17.497835,66.417679,4,29.2,2902273,28.191,26.2926,22.698366492146597,17.317814070351762,12.588519999999999,9.022
16.973803,66.185921,4,29.35,2902273,28.685,26.592766169154228,21.184787878787876,16.166823529411765,12.493182266009853,8.875
16.649359,66.343582,4,29.97,2902273,29.458,25.26497520661157,20.78232075471698,16.467950000000002,12.42199502487562,8.715329896907216
17.356964,66.644096,5,31.45,2902273,30.993,28.339019999999998,24.041489898989898,17.188953608247424,12.698727722772277,8.95453299492386
17.78385,66.587425,5,31.48,2902273,30.754,27.64902010050251,24.17338947368421,18.3275,12.864646766169155,9.085
17.919788,66.789604,6,31.57,2902273,31.244,28.00993137254902,24.364,18.114995098039216,12.952699029126213,9.103
17.630743,67.057602,6,28.31,2902273,28.164,28.08329245283019,22.066804878048778,16.425591836734693,12.535883838383839,8.852974226804124
17.219959,67.170822,6,29.81,2902273,29.472,26.674689320388353,23.384943298969073,18.00708333333333,12.479415841584158,8.467880000000001
16.511667,66.792084,7,28.64,2902273,28.688,28.664174000000003,21.94890909090909,16.339127918781724,12.17,8.534
16.290062,66.607361,7,27.84,2902273,27.993,28.001,23.288039800995023,16.750529411764706,12.32504,8.464422110552764
16.356918,66.360374,8,27.48,2902273,27.472,27.432215686274507,23.085437810945272,18.656071428571426,12.665502564102564,8.623651960784313
16.383255,66.243919,8,27.65,2902273,27.45,27.26706,23.640346534653467,17.920173076923074,12.614069306930693,8.6044824120603
16.431789,66.357956,8,28.1,2902273,27.784,27.04002030456853,22.58799504950495,17.54968316831683,12.331,8.582
16.456936,66.504082,9,27.97,2902273,28.083,27.104407035175882,23.76599494949495,18.671328358208953,12.55196,8.539257425742573
16.488413,66.536148,9,28.67,2902273,28.498,27.321278606965176,23.126378109452737,17.653252427184466,12.6166,8.644298507462686
16.440693,66.547691,9,28.24,2902273,28.332,26.767931034482757,24.11771844660194,17.364,12.346653658536587,8.507
16.393969,66.623604,10,28.83,2902273,28.81,26.43857142857143,23.17458,17.232499999999998,12.347,8.399
16.282618,66.759125,10,29.22,2902273,29.607,26.073455445544553,22.449217171717173,16.78414070351759,12.378480582524272,8.494085
16.359165,66.929596,10,29.07,2902273,29.499,27.09102,21.59985221674877,16.33920297029703,12.449199004975124,8.645
16.570917,67.040207,10,29.43,2902273,29.45,27.861722222222223,22.65558,16.338115,12.543835820895522,8.764
16.686846,67.177925,11,29.59,2902273,29.637,27.074627272727273,22.655557213930347,16.662,12.437059999999999,8.57
16.814541,67.210999,11,29.62,2902273,29.343,24.544607843137253,20.42368527918782,16.553747474747475,12.428323076923078,8.757162436548223
16.972755,67.058304,11,28.87,2902273,29.016,28.221655172413794,21.96741116751269,16.761717948717948,12.299089108910891,8.6832
16.97821,66.927536,12,28.41,2902273,28.427,28.138619246861925,20.4953,16.328745,12.164,8.736
16.853424,66.842644,12,27.4,2902273,27.858,26.458574879227054,21.296517699115043,15.7543981042654,12.244121827411167,8.562
16.787939,66.829292,12,27.06,2902273,27.428,27.241143564356435,20.12183333333333,16.205694581280788,12.234375,8.799
16.453152,70.674057,1,27.76,2902275,27.4228,26.73209603960396,21.89501609756098,15.135558823529411,12.284417587939698,8.5985
16.551994,70.676422,1,27.5,2902275,27.2613,25.84548,21.50529261083744,16.0816,12.364229353233831,8.6456
16.55966,70.529228,1,27.28,2902275,26.9973,25.93261818181818,21.629368316831684,15.956478109452737,12.19220447761194,8.6357
16.34683,70.106293,2,26.43,2902275,26.4403,26.447496354166667,21.607739603960397,16.40154702970297,12.44907263681592,8.5779
16.385933,70.087769,2,27.3,2902275,27.0242,25.48833880597015,20.21291293532338,15.957579104477613,12.418222842639594,8.5744
16.490993,70.057236,2,27.14,2902275,26.8236,24.603879611650488,20.2290725,16.128731683168315,12.603095431472081,8.7876
16.70784,70.068771,2,27.27,2902275,27.1031,25.802473631840797,23.8009,17.192052941176474,12.5429815920398,8.8835
16.929398,69.980034,3,27.83,2902275,27.8963,26.1051,23.145446534653466,17.54555588235294,12.578058585858585,8.9391
24.217289,64.932709,2,24.29,2902276,23.4762,23.1906,22.91835373134328,19.571609950248757,13.163734,8.8431
24.573364,65.649498,5,29.45,2902276,29.1694,24.956945673076923,23.05819900990099,18.854201500000002,13.151828217821782,8.6661
24.821533,64.873009,6,30.33,2902276,30.2074,29.537769333333333,23.4314538071066,21.978942574257424,13.492044776119403,9.0304
24.643829,65.746155,7,29.97,2902276,30.5503,22.50551515151515,19.772448,17.26851641791045,12.993376119402985,8.6877
24.93965,65.12571,8,25.19,2902276,27.1148,22.684,19.39171317073171,17.4964,12.749962189054726,8.7315
24.241518,65.242393,10,29.2,2902276,29.2631,23.08121909547739,21.5542085,18.6904,13.304763000000001,8.9669
23.92716,64.764114,10,28.7,2902276,29.3532,23.814693969849245,22.452642211055274,18.86089900990099,13.093620895522388,8.9765
20.060961,63.831345,1,26.12,2902277,25.6558,25.6085,23.185865326633166,17.918491089108908,12.895188383838384,8.7932
20.151222,63.366699,1,25.64,2902277,25.5891,25.2134,23.2596,17.767611940298508,12.8459345,8.7344
20.405064,62.908672,1,25.09,2902277,24.6647,24.6788985,22.684237313432835,17.762700000000002,12.77643015075377,8.8724
20.674625,62.538967,1,24.16,2902277,23.9165,23.994255445544553,22.219389949748745,18.0009351758794,12.9186,8.7859
21.024416,62.256695,2,24.86,2902277,24.6116,23.97507135678392,22.059544278606964,18.37421534653465,12.8421,8.8486
21.307354,62.159649,2,25.2,2902277,24.9718,23.9907,22.379326865671644,18.3026,12.912599497487438,8.9802
21.647348,62.329796,3,25.96,2902277,25.6621,23.91750693069307,21.751064532019704,18.451278712871286,12.9695,9.0301
21.877052,62.847252,3,27.41,2902277,26.3787,23.7165,23.132443781094526,18.4209118226601,13.180695544554455,9.2147
21.373106,63.186455,3,26.78,2902277,26.5971,23.945341414141414,23.147228078817736,18.575110945273632,13.206207,9.3223
20.76968,63.620094,4,27.8,2902277,26.6871,23.661565,21.6676,18.85079253731343,13.1319,9.0982
20.723814,64.406052,4,28.64,2902277,28.0273,24.308463184079603,23.230152525252524,18.978225870646767,13.1606,9.1496
20.872938,65.007988,4,29.27,2902277,29.1276,24.600437,23.433521393034827,19.020218811881186,12.98344776119403,9.0665
20.860178,65.280312,5,29.16,2902277,29.0302,24.3896,23.381437623762377,18.58313823529412,13.453374876847292,9.241
20.744921,65.329056,5,30.37,2902277,30.1279,24.132724,23.164352763819096,19.223043718592965,13.41143880597015,9.2796
20.582924,65.1716,5,30.7,2902277,30.5532,26.69631477832512,22.12125223880597,18.5632855,13.2325,9.2616
20.391359,65.07074,5,30.74,2902277,30.5154,27.32768316831683,24.045026130653266,19.32994512820513,13.203164824120604,9.2542
20.197838,64.966202,6,30.63,2902277,30.8546,29.327244569288393,23.192207462686568,19.162366499999997,13.168153,9.2799
20.036324,64.918091,6,30.24,2902277,30.0209,29.646426368159204,23.315727,18.704618719211823,12.9852,9.0327
19.455315,64.837479,7,29.44,2902277,29.3151,25.3844,23.0411,19.528977889447237,13.025013432835822,8.7573
19.142002,64.707947,7,28.11,2902277,28.3669,24.717865989847716,21.7194,18.996009950248755,13.042183084577115,8.8134
18.892679,64.5047,7,27.05,2902277,27.1647,26.361598,22.364062311557788,19.25189268292683,12.835419704433496,8.7906
18.644682,64.279846,8,27.36,2902277,27.0334,26.888609950248757,22.0332,19.440124137931033,12.7726,8.6966
18.408567,64.246864,8,27.66,2902277,27.2759,27.0780698019802,22.678322110552763,18.256560294117644,12.81963842364532,8.8144
18.250587,64.328773,8,27.11,2902277,27.3871,26.911715609756097,22.3545198019802,18.232511557788946,12.616,8.6849
18.318016,64.472458,9,28.78,2902277,28.4319,25.807790816326527,22.581416417910447,18.782367149758453,12.670690099009901,8.4846
18.576433,64.669464,9,28.72,2902277,28.5552,25.824081909547736,22.6177,18.111402985074626,12.665317326732673,8.533
18.649769,64.931847,9,29.18,2902277,29.016,25.3770285,22.6295,18.442199019607845,12.70612315270936,8.6502
18.906673,65.118645,10,29.47,2902277,29.3678,26.142488,22.572133830845768,17.9515,12.68869353233831,8.8741
19.08786,65.299873,10,29.33,2902277,29.7704,25.528889393939394,22.700454,18.328855555555556,12.803764179104476,8.8522
19.274847,65.351814,10,29.35,2902277,29.618,25.43850344827586,21.9373,17.2927,12.684233823529413,9.0606
19.463446,65.313934,11,29.62,2902277,29.4202,25.91679906542056,22.577406030150755,17.8879702970297,12.799253,9.1144
19.52549,65.119888,11,29.05,2902277,28.8868,26.64208118811881,23.150980198019802,17.740742564102565,12.8435,9.1584
19.551571,64.845444,11,28.35,2902277,28.3555,28.301632710280373,22.5713,18.106601470588235,12.791109547738694,9.1517
19.470764,64.621445,12,27.36,2902277,27.1875,27.17636157635468,22.720646,17.84675615763547,12.8652,9.1824
19.360376,64.434174,12,26.74,2902277,26.7439,26.7547,22.158793969849246,16.34642315270936,12.9123725,8.8988
6.981966,90.029938,1,28.19,2902294,28.322,28.305,27.583666666666666,15.470726804123712,9.984,6.629
6.898314,90.011238,1,28.39,2902294,28.344,28.345,25.495337078651684,14.987,9.969865,6.501
6.792287,89.933372,1,28.45,2902294,28.318,28.35196984924623,26.27670646766169,14.9200101010101,10.191354679802956,6.634
6.770216,89.851738,1,28.09,2902294,28.37,28.503179282868526,25.082,14.592848780487804,9.667960199004975,6.563
6.850772,89.808449,1,28.05,2902294,28.112,28.416273631840795,23.475551546391753,14.092,9.790069306930691,6.494
7.13762,89.803734,2,28.19,2902294,28.08,28.08,24.1040985915493,13.028311881188118,9.692771144278607,6.639
7.29338,89.856567,2,28.59,2902294,28.657,27.71807142857143,23.02442978723404,13.59,9.639225,6.628
7.437565,89.890556,2,28.52,2902294,28.426,28.1462427184466,21.953720430107527,13.515772727272727,9.991,6.63
7.467847,89.926056,2,28.46,2902294,28.731,28.710759999999997,24.173376744186044,12.679200000000002,9.57489108910891,6.534
7.49788,89.915047,3,28.44,2902294,28.645,28.633014925373132,23.01218085106383,12.986,9.761,6.759
7.538918,89.855072,3,28.42,2902294,28.582,28.609244444444446,23.978252475247526,12.80953807106599,9.67276354679803,6.773
7.559662,89.802628,3,28.44,2902294,28.684,28.684,24.228,13.56018686868687,10.18580198019802,6.751
7.621573,89.711533,3,28.64,2902294,28.481,28.465,24.121442060085837,13.370970297029704,9.87706153846154,6.846
7.696832,89.723106,3,29.2,2902294,27.462,27.462,24.283046728971964,13.555387096774192,10.109499999999999,6.691
7.81392,64.16917,1,28.17,2902388,27.962,27.45258,19.229,13.60264,10.930826923076923,7.453
7.91337,64.03462,1,27.67,2902388,27.589,24.59816,19.503819999999997,13.550529411764707,10.960220000000001,7.795
8.00263,63.92459,1,27.38,2902388,27.498,24.221,19.792,13.9908,10.937,7.856
7.9519,63.67498,2,27.19,2902388,27.186,26.687,19.98872549019608,13.816,11.163,7.935
8.04381,63.31112,2,27.7,2902388,27.528,26.702,20.38316,13.791,11.138819999999999,7.835
8.28513,62.93518,2,27.62,2902388,27.544,27.029,19.17564705882353,14.272730769230769,11.057,7.735
8.35946,62.70896,3,28.51,2902388,28.45,27.068734693877552,23.516333333333332,14.72422,11.031,7.987
8.12321,62.42771,3,28.83,2902388,29.166,28.804230769230767,24.18896,15.868884615384616,11.048653061224488,7.944
7.78523,61.99312,3,28.8,2902388,29.441,27.90202,27.303686274509804,16.277,11.428,7.731
7.51763,61.55276,4,29.6,2902388,30.122,27.821529411764704,26.03496,16.059622641509435,11.20876923076923,7.746
7.35997,61.19581,4,29.95,2902388,29.994,28.126622641509435,25.400549019607844,17.415740000000003,11.206865384615385,7.603
7.24243,61.15957,4,29.82,2902388,30.335,28.99294,27.001,17.419,11.268384615384615,7.562
7.15222,61.46544,5,30.4,2902388,30.552,28.778,27.083,16.072,11.353877551020407,7.334
7.39337,61.95807,5,30.35,2902388,30.501,29.20473469387755,26.523897959183675,15.048714285714286,10.985399999999998,7.195
7.58791,62.39868,5,30.34,2902388,30.48,28.255,26.24266,14.80246,11.186,7.515
7.21214,62.77009,6,30.55,2902388,30.776,30.27273076923077,25.98835294117647,14.574,11.091,7.152
7.1259,63.01439,6,29.47,2902388,29.871,29.79928,25.92081632653061,14.773903846153845,11.061196078431374,7.146
7.27342,63.51828,6,29.31,2902388,29.196,28.2102,20.69333333333333,14.492,10.931,7.252
7.30479,63.74511,7,29.25,2902388,29.384,29.246653846153848,24.85868,15.243,10.912865384615387,7.463
7.15877,63.81317,7,29.17,2902388,29.192,29.134,27.598686274509806,16.026,11.01482,7.273
7.14403,63.78458,7,28.87,2902388,28.593,28.594,26.074615384615385,15.43606,10.932530612244898,7.222
7.35803,63.85741,7,28.69,2902388,28.833,28.677313725490194,24.3,15.282450980392158,10.989,7.247
7.53665,64.05643,8,28.78,2902388,29.14,28.72919607843137,27.039568627450983,16.221999999999998,11.064,7.373
7.2539,64.28721,8,29.96,2902388,29.83,29.22988235294118,24.153254901960786,14.649,11.0772,7.392
6.809,64.2392,8,30.07,2902388,29.905,29.07448076923077,21.719980392156863,14.473571428571427,10.786,7.353
6.77191,64.08771,9,29.5,2902388,30.091,29.47420754716981,23.97973469387755,13.733,10.523,7.181
6.82234,64.06189,9,30.12,2902388,30.118,29.473,25.8851,14.421098039215687,10.782,7.509
6.69309,64.40521,9,30.22,2902388,30.413,28.621579999999998,24.15107843137255,14.545,10.784192307692308,7.35
7.00729,64.91481,10,29.9,2902388,30.059,28.668,20.418,13.716469387755103,10.613700000000001,7.529
7.46318,65.31038,10,30.22,2902388,30.771,29.095,23.768,14.274826923076922,10.808399999999999,7.663
7.4571,65.84136,10,29.71,2902388,29.858,29.315,25.25203846153846,14.127749999999999,10.845549019607844,7.649
7.68164,66.33479,11,29.75,2902388,29.915,28.800490196078428,26.804599999999997,14.337,11.032520000000002,7.502
8.02681,66.4361,11,30.04,2902388,30.798,29.67444,24.782,14.575326530612244,10.95126923076923,7.528
7.94807,66.26208,11,29.79,2902388,29.647,28.653,23.161,14.538918367346938,11.086823529411765,7.536
7.61979,65.969,12,29.73,2902388,30.08,28.727882352941176,25.30722,14.801307692307692,10.888,7.789
7.3866,65.66692,12,29.96,2902388,30.325,29.144,23.937176470588234,14.109,11.115384615384615,7.649
7.14024,65.47171,12,29.73,2902388,29.496,28.474,25.018,14.56748,10.806188679245283,7.552
6.102,81.922,1,27.62,2902680,28.085,28.088798319327733,25.529120689655173,14.089163636363637,9.93646875,6.561
19.114,88.653,1,26.26,2902758,25.383,27.709555555555553,23.76535433070866,14.673659574468086,10.062214953271027,6.846
18.989,88.551,1,26.25,2902758,26.425,27.465186046511626,23.46781512605042,14.421111111111111,10.173333333333332,6.834
18.899,88.427,1,25.74,2902758,26.265,27.312548387096776,22.81146218487395,14.490903846153845,10.14919417475728,6.836
18.804,88.309,1,25.34,2902758,25.56,27.05020930232558,21.146730769230768,14.247377358490567,10.13153125,6.976
18.686,88.248,1,25.06,2902758,25.062,26.878631578947367,21.561482142857145,13.079588235294118,10.10344761904762,6.958
18.447,88.159,1,25.77,2902758,26.372,26.440163636363636,25.634973684210525,14.291647058823528,10.309539215686275,7.199
18.296,87.91,2,26.49,2902758,26.196,27.079428571428572,24.077,15.247061224489794,10.44490625,6.917
18.28,87.505,2,26.34,2902758,26.504,27.18665306122449,26.307256880733945,15.692958333333333,10.544222222222222,7.232
18.217,87.313,2,26.61,2902758,26.488,27.251,25.715830188679245,15.125916666666665,10.51569696969697,7.034
18.195,87.196,2,26.66,2902758,26.941,27.406333333333333,26.563913461538462,15.560511627906978,10.491514851485148,7.206
18.219,87.101,2,26.92,2902758,27.013,27.614421052631577,26.725627450980394,16.107280898876404,10.83653,7.198
18.206,87.141,2,27.1,2902758,27.243,27.60723404255319,26.68270909090909,15.549,10.86028,7.23
18.01,87.207,3,27.41,2902758,27.661,27.498823529411766,26.769264150943396,16.165,10.716978723404255,7.262
17.71,87.164,3,28.03,2902758,27.753,27.6296,26.61441076923077,16.24588150943396,10.490511999999999,7.195
5.084,87.799,7,29.12,2902764,29.143,29.090500000000002,23.78729166666667,13.748117647058823,9.855,6.459
5.091,88.229,8,29.03,2902764,29.045,29.012528301886793,17.925514563106795,13.34602380952381,10.195704724409449,6.639
5.055,88.983,8,29.49,2902764,29.672,29.053454545454546,22.58009375,13.925816091954022,10.037698795180722,6.615
5.667,89.154,9,28.86,2902764,29.148,28.337188679245283,22.630582524271848,12.783558823529411,9.7300081300813,6.588
5.804,89.298,9,28.9,2902764,29.202,29.048529411764704,19.481010204081635,12.224751445086707,9.81805306122449,6.75
5.229,89.16,9,28.81,2902764,29.001,28.941032967032967,20.802500000000002,12.855272727272727,10.022478260869566,6.725
5.116,88.194,11,29.11,2902764,29.598,24.47983157894737,16.950838383838384,12.58075,10.211362549800796,6.807
5.134,88.145,12,29.19,2902764,29.36,21.99255172413793,15.160150943396227,12.560315789473684,10.283467479674798,6.957
12.257,87.648,1,27.23,2902765,27.508,26.56338,21.434615384615384,14.680310344827587,10.174208,6.877
12.194,87.662,1,27.45,2902765,27.625,27.586,25.11736,15.554895705521472,10.275389558232932,6.937
12.018,87.338,1,27.55,2902765,27.576,27.678382352941178,25.227755102040817,16.607,10.221392156862745,7.021
11.64,86.72,2,27.73,2902765,27.707,27.894242424242425,25.138076923076923,16.830304347826086,10.256800796812747,7.014
11.329,86.054,2,27.77,2902765,27.931,27.693333333333335,25.436838095238095,16.369053892215568,10.142225296442687,6.792
11.122,85.361,3,28.11,2902765,28.058,28.10601941747573,25.1010396039604,16.15772316384181,10.085772908366534,6.805
10.949,84.496,3,28.23,2902765,28.325,28.222454545454543,26.328297872340425,15.450877300613497,10.072767346938775,6.746
10.731,83.654,3,29.22,2902765,28.538,28.41404,26.450345794392526,15.753521739130436,10.120684210526317,6.813
10.39,82.953,4,29.68,2902765,29.593,28.60373786407767,26.789297872340427,17.181466666666665,9.91,6.66
10.089,82.492,4,29.97,2902765,30.217,28.66976699029126,27.600735294117644,16.89694413407821,9.97711693548387,6.703
9.829,82.337,4,30.64,2902765,31.175,28.597080000000002,25.656476635514018,15.919636363636362,10.074008064516129,6.597
9.855,82.144,5,30.6,2902765,31.216,28.559236363636362,25.392271739130436,15.608869047619049,9.992085714285714,6.735
9.716,81.655,5,30.44,2902765,30.386,28.908267326732673,24.377205882352943,15.287255813953488,10.064342857142858,6.771
8.731,81.749,5,30.56,2902765,30.676,28.804791666666667,23.812424528301886,15.48355172413793,10.012761904761904,6.744
8.102,82.503,5,30.78,2902765,30.772,27.88276470588235,21.099806451612903,13.740627906976744,9.672,6.259
9.876,83.111,6,30.01,2902765,30.511,28.647761904761907,22.21309090909091,13.092660818713451,9.631036144578314,6.665
11.025,83.291,6,29.64,2902765,29.78,28.739250000000002,23.593166666666665,13.429107344632769,9.824587301587302,6.664
11.985,82.954,6,30.21,2902765,30.081,29.363545454545456,24.589956521739133,14.656799999999999,9.910750988142293,6.882
12.444,82.876,7,29.91,2902765,29.763,29.49277894736842,26.443653846153847,14.952200000000001,10.045919999999999,6.86
12.652,82.863,7,29.43,2902765,29.544,29.3395,28.16245,15.267893854748602,10.016448979591837,6.945
12.583,83.082,7,28.79,2902765,29.26,29.19476,28.19078640776699,14.7516,9.998885375494071,6.875
12.087,83.286,8,29.34,2902765,29.5,29.041971153846156,23.097411764705882,14.366085227272727,9.697115079365078,6.831
11.552,83.3,8,29.16,2902765,29.558,28.902403846153845,22.772285714285715,13.897959770114943,9.741512,6.746
11.796,83.467,8,29.38,2902765,29.768,28.861583333333332,20.67012765957447,13.209147727272727,9.355780392156863,6.465
12.406,83.19,9,28.94,2902765,29.515,29.211117647058824,21.806471153846154,13.242684210526315,9.61699209486166,6.672
12.664,83.085,9,29.0,2902765,29.064,27.689627659574466,20.2626,12.709362068965518,9.633016194331985,6.621
12.778,83.327,9,29.27,2902765,29.266,26.637611111111113,19.160326530612245,12.485483146067416,9.588141700404858,6.734
12.624,83.498,10,29.37,2902765,29.488,26.387947368421052,18.418591836734695,13.138110465116279,9.729012048192772,6.796
11.845,83.555,10,29.37,2902765,29.19,22.955151515151513,18.581,12.892550295857987,9.7334126984127,6.851
11.687,83.585,10,29.22,2902765,29.437,20.48011650485437,16.709301886792453,12.744751445086706,9.8276,6.768
11.924,83.76,11,29.62,2902765,29.548,26.31589090909091,19.010916666666667,13.16984090909091,9.928780876494024,6.886
12.157,83.893,11,29.48,2902765,29.182,27.515,21.153485436893202,14.038342857142856,9.943960784313726,6.843
12.039,83.803,11,29.21,2902765,29.221,25.7408785046729,19.434470588235296,13.84327906976744,10.006624,6.97
11.77,83.486,12,28.82,2902765,28.963,23.478,18.13646,13.5145,9.819121951219513,6.752
11.465,83.412,12,28.57,2902765,28.782,28.77002150537634,22.124653061224492,14.362363636363636,9.866,6.814
14.957,87.62,1,27.11,2902766,27.147,28.260839999999998,24.7123,15.500676646706587,9.839192771084338,6.704
15.12,87.351,1,26.51,2902766,26.311,28.05501941747573,24.15896629213483,14.282459770114944,9.839915662650602,6.757
15.324,87.002,1,26.62,2902766,26.701,27.757625,23.972269999999998,14.389267441860465,9.93779527559055,6.795
15.364,86.712,2,26.82,2902766,28.033,27.266941747572815,25.657261682242993,15.12397619047619,10.256488188976379,6.904
15.274,86.435,2,26.85,2902766,26.268,27.041455445544557,24.757066666666667,14.511354285714287,9.980325490196078,6.763
15.159,86.279,2,27.02,2902766,26.971,27.173740000000002,23.83150485436893,14.313897727272728,9.844012048192772,6.745
15.1,86.182,3,27.56,2902766,27.503,27.288,21.92388888888889,13.51308,9.744499999999999,6.708
15.234,86.168,3,27.93,2902766,28.203,27.82331313131313,23.650058823529413,14.125222857142857,9.848600000000001,6.601
15.281,86.387,3,29.32,2902766,30.812,27.55641584158416,22.978634615384614,14.269171428571429,9.811,6.672
15.489,86.705,4,29.54,2902766,29.779,27.960684210526317,24.66683695652174,14.98806626506024,10.053154761904763,6.79
15.669,87.042,4,29.86,2902766,30.195,28.474967391304347,26.901600000000002,16.187403314917127,10.13747619047619,6.886
15.592,87.388,4,30.34,2902766,30.086,28.25476923076923,27.26107,16.641725274725275,10.068548387096774,6.775
15.456,87.65,5,30.6,2902766,31.201,27.681836734693878,20.78876,12.532625,9.3894,6.349
15.652,87.637,5,29.08,2902766,29.088,28.602803921568626,20.966420560747665,12.776540229885057,9.406486166007905,6.218
15.876,87.45,5,29.52,2902766,29.917,26.3172,18.230666666666664,13.024705202312138,9.497203187250996,6.425
16.062,87.385,6,30.15,2902766,30.512,29.449528301886794,21.845599999999997,13.180947368421053,9.474253968253969,6.549
16.12,87.492,6,29.8,2902766,29.98,28.856787878787877,22.752161616161615,14.079908045977012,9.868379032258066,6.547
16.125,87.731,6,29.83,2902766,29.924,29.00439603960396,24.045536842105264,13.984236686390533,9.998975609756098,6.754
15.98,88.213,7,29.78,2902766,29.906,29.509277227722773,25.403041666666667,14.666970760233918,9.93688306451613,6.903
16.029,88.555,7,29.72,2902766,30.05,29.470511363636362,25.23694117647059,14.592296511627907,9.984574297188754,6.742
16.121,88.878,7,29.27,2902766,29.204,28.775153846153845,24.435372093023254,15.6388679245283,10.091635294117646,6.966
16.076,89.052,7,28.99,2902766,28.928,28.51632142857143,23.69809900990099,15.685633136094674,9.722113821138212,6.934
15.874,88.986,8,28.96,2902766,28.773,28.74972,24.516348837209303,13.79221387283237,9.872683794466402,6.681
15.464,88.797,8,28.74,2902766,29.104,28.375171428571427,23.18379120879121,13.295058823529413,9.671357429718876,6.627
15.206,88.42,8,28.82,2902766,29.192,28.93080412371134,23.262019607843136,13.446202312138729,9.630642023346304,6.719
15.148,88.096,9,28.71,2902766,29.032,26.87009523809524,21.990545454545455,13.37364534883721,9.590635627530364,6.494
15.105,87.882,9,28.65,2902766,28.922,27.566757575757578,22.157930693069307,13.202396551724137,9.774911646586345,6.644
15.059,87.679,9,29.45,2902766,29.605,27.64509708737864,20.33111111111111,13.061966101694914,9.666483870967742,6.572
15.118,87.533,10,29.14,2902766,29.244,28.55423076923077,21.327242424242424,12.322344632768361,9.876188755020081,6.577
15.219,87.591,10,30.24,2902766,30.324,26.996721649484535,20.69121212121212,12.47770786516854,9.632759036144579,6.494
15.449,87.787,10,29.24,2902766,29.267,26.844272727272728,20.486528846153846,12.80147928994083,9.546243902439024,6.5
15.614,88.233,11,29.54,2902766,29.379,27.00570873786408,21.89643925233645,13.055285714285715,9.811361445783133,6.694
15.523,88.829,11,29.21,2902766,29.353,28.080593406593408,22.134544554455445,13.969563535911602,10.003243027888447,6.861
15.292,89.117,11,29.28,2902766,29.202,28.481783018867926,21.64556603773585,13.725395348837209,9.961270588235296,6.849
14.925,89.083,12,28.99,2902766,28.656,28.852865384615384,22.235629999999997,14.1621843575419,9.816585657370517,6.8
14.504,88.798,12,28.63,2902766,28.421,28.91422857142857,22.57017525773196,13.968531791907514,9.795094117647059,6.665
14.209,88.331,12,28.48,2902766,28.552,28.87184210526316,22.12968,13.716000000000001,9.6875,6.622
13.801,87.89,12,28.53,2902766,28.651,27.910677083333333,21.759884210526316,13.76121052631579,9.728186507936508,6.67
14.443,84.833,1,27.76,2902768,27.753,27.860685714285715,24.271233009708737,16.578705882352942,10.126080645161291,6.951
14.233,84.489,1,27.15,2902768,27.131,27.144396039603958,25.02427358490566,15.969674157303372,10.147,6.839
13.932,84.041,1,26.62,2902768,26.927,27.019465346534652,25.970494736842106,15.24571978021978,10.025700787401576,6.789
13.699,83.578,2,26.92,2902768,27.121,27.103621359223304,25.53668,14.9245,10.22244578313253,6.661
13.723,83.296,2,27.17,2902768,28.897,27.19531683168317,24.842349056603773,14.380576086956522,9.903769841269842,6.659
13.718,83.212,2,27.79,2902768,28.24,27.41672549019608,26.41508510638298,14.350107142857144,10.07124,6.65
13.658,83.32,3,28.14,2902768,28.121,27.61912,25.207,15.725688888888888,10.103214285714285,6.733
13.58,83.527,3,28.09,2902768,28.338,28.226594059405944,26.510807692307694,16.34126203208556,10.1829453125,6.805
13.57,83.849,3,28.58,2902768,29.289,27.770104166666666,27.434072164948454,15.433401234567901,10.205365079365079,6.69
13.456,84.028,4,29.76,2902768,29.761,28.5169702970297,26.4541359223301,15.260384210526317,9.884448818897638,6.642
13.404,84.042,4,30.27,2902768,29.86,28.316087378640777,24.225940594059406,14.218648148148148,9.827334661354582,6.462
13.412,83.999,4,30.35,2902768,30.429,28.57856382978723,24.67941509433962,13.418776470588236,9.736550607287448,6.37
13.524,83.796,5,30.95,2902768,30.752,28.41314285714286,23.705432692307692,14.447152941176471,9.624578313253012,6.44
13.874,83.701,5,29.96,2902768,30.104,28.7134,24.560882352941178,14.879797687861272,10.018723320158102,6.721
14.029,84.02,5,30.32,2902768,30.765,28.7132,26.693528846153846,16.13931868131868,10.243717131474105,7.018
13.857,84.295,6,30.79,2902768,30.874,29.16913043478261,25.597405405405404,15.67975,9.958502008032129,6.768
13.899,84.572,6,30.47,2902768,30.402,28.23445918367347,23.13625,14.50291975308642,9.716744,6.503
13.728,84.841,6,29.61,2902768,29.941,28.102169811320756,23.316689655172414,13.418742857142858,9.638125506072875,6.432
13.746,85.06,7,29.32,2902768,29.531,27.4394,23.595471698113208,13.989320000000001,9.731368,6.599
14.074,85.125,7,29.0,2902768,29.214,27.256115789473686,22.162,13.533878612716764,9.745690476190475,6.677
14.111,85.175,7,28.77,2902768,28.492,28.40265137614679,23.56065306122449,13.998449438202247,9.750710843373493,6.764
14.358,85.289,8,28.51,2902768,28.804,28.590631067961166,23.77661386138614,13.89604705882353,9.965585365853658,6.888
14.352,85.126,8,28.72,2902768,29.424,28.78550495049505,24.351570093457944,13.99235632183908,9.896168,6.864
14.022,84.895,8,28.91,2902768,29.357,29.182980769230767,22.702660194174754,13.988485380116959,9.792562753036437,6.74
13.488,84.658,9,29.14,2902768,29.444,28.99208653846154,21.561099009900992,13.184482142857142,9.781426294820717,6.715
13.056,84.552,9,29.03,2902768,29.113,27.810087378640777,20.342380952380953,12.67971676300578,9.69999203187251,6.616
12.89,84.666,9,29.31,2902768,29.274,25.39134375,18.970657142857142,13.734914285714286,9.840139442231076,6.686
12.625,85.105,10,28.88,2902768,29.115,28.46252380952381,19.83519230769231,13.554117647058824,10.03592857142857,6.858
12.286,85.78,10,29.54,2902768,30.205,28.36085,23.36091011235955,14.708769230769231,10.151521912350598,6.918
12.063,86.173,10,29.25,2902768,30.155,28.70365306122449,24.797117647058826,15.180872832369943,10.081861111111111,6.854
11.734,86.168,11,29.28,2902768,29.408,28.829242424242423,22.90939024390244,15.794128491620112,10.178644268774702,6.771
11.714,85.973,11,29.39,2902768,29.498,28.50143396226415,21.92030769230769,14.553934131736527,9.917,6.725
11.724,85.858,11,29.38,2902768,29.647,28.37518811881188,22.449333333333335,14.493642857142857,9.995792156862745,6.615
11.869,85.847,12,28.71,2902768,28.713,28.65723711340206,22.697354166666667,14.869435582822087,9.93716,6.659
12.081,85.766,12,28.35,2902768,28.398,27.658726315789472,22.880959595959595,13.710584795321637,9.888072289156627,6.756
12.387,85.413,12,28.23,2902768,28.501,27.77712087912088,21.417427083333333,13.945845714285715,9.720089068825912,6.546
5.806,85.954,1,28.06,2902769,28.241,27.38807843137255,25.68023300970874,14.185420454545454,10.052088,6.827
5.925,86.19,1,28.39,2902769,28.392,28.33379797979798,26.394881188118813,15.357128834355828,9.977875502008033,6.841
6.48,86.381,1,28.31,2902769,28.247,28.46184,27.366788461538462,14.883843023255814,9.921113821138212,6.734
6.865,86.398,1,27.92,2902769,27.827,28.193957894736844,24.742473684210527,15.341497142857142,9.941307086614174,6.915
6.998,86.231,2,28.08,2902769,28.35,28.1082,26.23426530612245,14.414768361581922,10.019020408163264,6.837
6.98,86.045,2,28.32,2902769,28.158,28.195655913978495,24.936833333333333,14.033872093023255,10.010345381526104,6.779
6.875,85.863,2,28.24,2902769,28.336,28.29701,25.614568627450982,13.675362573099415,9.840628,6.648
6.738,85.618,3,28.49,2902769,28.682,28.295969072164947,22.50346875,13.29692485549133,9.848490039840637,6.717
6.581,85.382,3,28.8,2902769,28.959,27.83034736842105,21.212019047619048,13.023556818181818,9.868011952191235,6.69
6.518,85.134,3,29.38,2902769,31.324,29.04158426966292,22.9302,13.36925,9.737540650406505,6.825
6.516,84.999,4,30.05,2902769,30.113,28.263157894736842,22.8342037037037,13.396080924855491,9.76546,6.777
6.325,85.489,4,31.08,2902769,31.52,28.89133009708738,23.484369565217392,13.4351843575419,9.814811764705883,6.68
5.961,86.271,4,30.82,2902769,30.943,27.433045454545457,20.46233009708738,12.989057142857142,9.74490625,6.644
5.37,86.741,5,30.25,2902769,30.461,27.051166666666667,19.248882352941177,13.038770949720671,10.042721115537848,6.802
5.367,87.139,5,29.3,2902769,29.445,25.74221495327103,19.530333333333335,12.880098265895954,10.150253012048193,7.11
5.547,87.381,5,29.95,2902769,29.454,27.649274725274726,19.366461538461536,12.821407185628743,10.36608,7.264
5.604,87.459,6,29.5,2902769,29.642,29.641625,24.443572916666668,14.077218390804598,10.3729126984127,6.839
5.473,87.313,6,29.04,2902769,29.436,29.454,26.64043137254902,14.642147540983608,10.07675806451613,6.677
5.7,87.053,6,29.02,2902769,29.446,29.094472727272727,25.79631313131313,14.367109826589596,9.718874493927125,6.623
6.091,86.658,7,28.73,2902769,29.137,29.085,25.096967741935483,14.316371428571427,9.956071999999999,6.83
6.076,86.464,7,28.59,2902769,29.027,29.033326530612243,24.435646464646464,13.914,9.948584269662922,6.943
5.569,86.229,7,28.97,2902769,29.121,29.036382352941178,24.096545454545456,14.292101123595506,10.149350597609562,6.746
5.129,86.045,7,29.1,2902769,29.02,29.032553191489363,22.900333333333332,14.29256896551724,9.79795219123506,6.492
5.094,86.007,8,28.96,2902769,28.875,28.60991208791209,25.336865384615386,13.68514367816092,9.784546184738955,6.627
5.046,86.113,8,28.94,2902769,28.66,27.63837142857143,20.937494623655915,13.550822085889571,10.026296,6.477
5.143,86.519,9,29.03,2902769,29.197,24.853776785714285,18.442999999999998,13.195306818181818,9.981566801619433,6.654
5.686,86.764,10,28.79,2902769,28.846,28.943766990291262,24.63441935483871,13.077505617977527,9.931774590163934,6.553
5.877,87.195,10,28.93,2902769,29.119,27.70177319587629,21.40654945054945,12.439949438202246,9.749315789473684,6.55
5.498,87.267,10,29.32,2902769,29.969,28.27597,20.626133333333335,12.947373493975903,9.776768382352941,6.675
5.338,87.377,12,28.88,2902769,29.163,27.525258426966293,18.86921782178218,12.762862068965518,10.113438735177866,6.966
5.516,87.366,12,29.32,2902769,29.273,23.060181818181817,16.51342307692308,12.837310344827587,10.340632411067194,7.065
5.335,87.439,12,28.88,2902769,28.999,23.932068181818185,15.700096153846154,12.65485549132948,10.354144,6.947
5.002,87.227,12,28.82,2902769,28.83,22.65573148148148,15.692981132075472,12.916406976744186,10.586,7.287
12.603,86.188,1,27.4,2902770,27.03,26.648132653061225,21.762415094339623,14.184517441860466,9.924032,6.789
12.81,86.402,1,26.95,2902770,26.944,26.457405405405407,20.7586,13.718383720930232,9.701664031620554,6.602
13.144,86.748,1,26.85,2902770,26.832,26.783188118811882,21.23046315789474,14.057181286549708,9.831638211382113,6.556
13.341,87.395,2,27.37,2902770,27.396,27.241489795918366,23.897154639175255,14.846141176470589,10.070525896414342,6.802
13.232,87.942,2,27.34,2902770,27.317,27.14234020618557,24.45438095238095,15.33832,10.018244897959184,6.774
12.986,88.113,2,27.48,2902770,27.576,27.656254545454548,24.67355,15.831113924050634,9.871303370786517,6.861
12.84,88.049,3,27.5,2902770,27.866,27.142383838383836,24.26157894736842,14.796959537572254,9.978060240963854,6.781
12.7,87.886,3,28.05,2902770,28.173,27.370904761904765,25.48769387755102,14.59006976744186,9.760608695652174,6.694
12.474,87.684,3,29.02,2902770,29.428,28.098546296296295,25.631894736842106,14.59927906976744,9.897747035573122,6.66
12.374,87.532,4,30.17,2902770,30.23,28.134705882352943,26.358979591836736,14.78322033898305,9.872499999999999,6.656
12.452,87.407,4,30.3,2902770,29.932,27.847959183673467,24.595884615384612,14.452029761904761,9.909339920948616,6.699
12.496,87.406,4,30.88,2902770,30.908,28.492759615384614,24.826633663366337,14.990747126436782,9.93555060728745,6.822
12.455,87.485,5,31.12,2902770,31.236,28.404958333333333,25.143632653061225,15.031411764705883,10.049650602409638,6.92
12.619,87.77,5,29.14,2902770,29.572,28.032577319587627,22.99336082474227,13.53043103448276,9.821170731707317,6.759
12.795,88.163,5,30.35,2902770,30.516,28.729019047619047,21.18236,13.288270114942529,9.69228,6.781
12.75,88.438,6,29.63,2902770,29.944,28.154617647058824,22.762142857142855,14.023028735632183,9.796397590361446,6.802
12.492,88.664,6,29.39,2902770,29.762,29.58293023255814,24.07543137254902,13.610553672316383,9.839064257028111,6.77
12.08,88.81,6,29.5,2902770,29.793,29.147468085106382,23.61198058252427,13.591011428571429,9.754063492063493,6.558
12.192,88.843,7,29.03,2902770,29.322,28.490732673267328,21.41875471698113,12.944622222222222,9.547746987951808,6.625
12.751,88.688,7,29.15,2902770,29.485,28.530440000000002,19.184105263157896,12.956872093023255,9.707874509803922,6.643
13.203,88.535,7,28.91,2902770,28.871,28.457838383838386,20.806226804123714,13.139766666666667,9.587318548387097,6.669
13.176,88.819,8,28.92,2902770,29.021,28.8778,23.06506796116505,13.684,9.760274193548387,6.798
12.729,89.427,8,29.01,2902770,29.344,29.211128712871286,23.319320388349514,14.019868852459016,9.874889795918367,6.8
12.216,89.829,8,29.19,2902770,29.391,29.350846153846152,24.048542857142856,14.182689655172414,9.737236947791164,6.76
11.965,89.896,9,28.66,2902770,29.086,28.58388888888889,22.404528301886792,14.063479768786127,9.938282868525896,6.694
11.965,89.792,9,28.57,2902770,28.916,28.10902,22.00612,13.732529411764707,9.744741935483871,6.825
11.976,89.633,9,28.73,2902770,28.622,27.218548387096774,23.264118811881186,14.460431818181819,9.96153937007874,6.774
11.937,89.381,10,28.58,2902770,29.053,26.478919191919193,22.87671875,13.947965517241379,9.794858267716535,6.827
11.916,89.074,10,29.55,2902770,30.437,27.660510638297872,21.744451612903227,14.279238372093024,9.812288537549408,6.671
11.998,88.835,10,29.05,2902770,29.594,27.027563636363634,21.487,14.033719101123596,9.549268292682928,6.696
12.172,88.669,11,29.44,2902770,29.581,28.114708333333333,22.78005940594059,13.749876404494382,9.589739130434783,6.581
12.104,88.852,11,29.37,2902770,29.313,27.0451,21.399919999999998,13.568662790697674,9.576254032258065,6.663
12.219,89.135,11,29.08,2902770,29.263,27.935861386138615,20.42951020408163,13.273289940828402,9.640173913043478,6.571
12.566,89.342,12,28.56,2902770,28.904,27.910056603773583,20.108,13.238390804597701,9.599963562753036,6.625
13.146,89.555,12,28.86,2902770,28.935,27.335571428571427,20.0214693877551,13.23546511627907,9.628867999999999,6.731
13.712,89.785,12,28.69,2902770,28.756,28.899238532110093,22.24556701030928,13.24521111111111,9.785680000000001,6.851
5.211,84.725,1,28.5,2902771,28.416,28.423454545454543,27.840876288659793,14.53378488372093,9.888769841269841,6.738
5.221,84.763,1,28.38,2902771,28.395,28.324117647058824,28.018196078431373,14.05852,9.97160975609756,6.691
5.663,84.963,1,28.23,2902771,28.222,28.29536842105263,24.799256880733946,13.848954022988506,9.841283464566928,6.839
5.897,85.131,2,28.32,2902771,28.403,27.854816326530614,22.579475728155337,13.545140350877194,9.861331983805668,7.0
5.478,85.094,2,28.57,2902771,28.499,27.5828431372549,20.04489,13.274533333333332,9.730385542168676,6.835
5.008,84.98,3,28.58,2902771,28.754,28.264204545454547,21.87821818181818,13.178730994152046,9.780225806451613,6.733
5.325,84.998,3,29.86,2902771,30.247,27.816431578947366,21.67468085106383,13.960714285714285,9.789573170731709,6.735
5.687,85.145,4,30.14,2902771,30.304,28.116977011494253,19.73208695652174,13.32567816091954,9.706016,6.909
5.596,85.563,4,30.78,2902771,30.746,28.94426530612245,21.59716831683168,12.701112359550562,9.968405511811023,6.83
5.329,85.862,4,30.92,2902771,31.01,27.764398230088496,19.430934782608695,12.65970224719101,9.959563492063491,6.942
13.567,88.585,1,27.95,2902772,28.199,28.384805555555555,24.302979591836735,14.274648044692738,9.770240963855422,6.639
13.923,88.738,1,27.38,2902772,27.577,27.56972727272727,24.65478431372549,14.538073446327683,9.688746987951808,6.553
14.065,88.856,1,26.98,2902772,27.543,27.03839175257732,23.746115384615386,14.004076023391814,9.854481927710843,6.687
13.982,88.951,2,27.37,2902772,27.553,27.513,23.16328,14.280947368421053,9.851011811023621,6.625
13.967,88.665,2,27.18,2902772,27.867,27.22449019607843,22.536227722772278,14.214820809248554,9.921717741935485,6.552
14.141,88.319,2,27.44,2902772,27.461,27.099073684210527,23.535841584158415,14.246959064327484,9.912251012145749,6.686
14.701,88.024,3,27.87,2902772,27.694,27.44177659574468,22.574990825688072,14.76257894736842,9.91417741935484,6.724
14.97,88.242,3,28.59,2902772,28.801,28.22604,25.118714285714287,15.213620689655173,9.930806451612902,6.78
14.662,88.235,3,30.01,2902772,30.036,28.230755102040817,25.39162745098039,14.535621301775148,9.956968253968254,6.761
14.316,87.918,4,29.88,2902772,30.187,28.470236559139785,24.293375,14.317722543352602,9.839193548387097,6.787
14.167,87.538,4,30.42,2902772,30.401,28.21335,24.491142857142858,14.564062857142856,9.927368,6.725
14.051,87.306,4,30.58,2902772,30.542,28.219676767676766,27.203000000000003,15.3718612716763,9.92386454183267,6.657
13.847,87.094,5,31.01,2902772,30.729,29.325848484848485,26.01119266055046,15.096204545454544,9.888745967741935,6.661
13.618,86.863,5,30.08,2902772,30.209,28.386707070707068,24.644858585858586,14.194288235294117,9.819528455284553,6.72
13.595,86.804,5,30.13,2902772,30.311,28.520652173913042,21.744990654205605,13.207202312138728,9.499796078431372,6.534
13.898,86.735,6,30.24,2902772,30.667,28.466696078431372,21.625764705882354,12.759823863636363,9.515948616600792,6.522
14.345,86.707,6,29.67,2902772,29.655,27.37254639175258,22.287061224489797,12.51893142857143,9.392004,6.495
14.995,86.764,6,29.47,2902772,29.826,27.615011235955055,22.02386,13.237264367816092,9.63014,6.839
15.334,86.436,7,29.44,2902772,29.305,28.45984210526316,22.501980952380954,13.38535838150289,9.861596837944663,6.803
15.655,86.24,7,29.25,2902772,29.456,27.151534653465347,22.84276923076923,13.684317647058823,9.825500000000002,6.909
15.99,86.332,7,28.65,2902772,28.22,26.557278350515464,21.793849056603776,13.757278106508876,9.787669387755102,6.867
16.12,86.85,8,27.98,2902772,28.242,27.261857142857146,22.10889,14.022285714285715,9.925939759036144,6.923
16.083,87.222,8,28.7,2902772,29.347,28.118555555555556,21.223181818181818,14.131988165680474,10.090897959183673,7.065
16.023,87.565,8,28.89,2902772,29.144,28.297239583333333,22.13890909090909,14.22299421965318,9.985130434782608,6.915
15.727,87.537,9,29.12,2902772,29.1,28.16169230769231,22.460388349514563,13.725198863636363,9.856382470119522,6.78
15.62,87.361,9,28.7,2902772,28.782,27.880142857142857,23.28212,14.136877094972068,9.807217741935485,6.686
15.564,87.12,9,29.49,2902772,29.757,28.183785714285715,22.630728155339806,14.130420454545455,9.757238095238096,6.691
15.514,86.894,10,29.25,2902772,29.406,26.4712,21.06657894736842,13.924380952380952,9.738545454545454,6.696
15.325,86.891,10,30.18,2902772,30.076,26.499409523809522,19.68916494845361,12.616674418604651,9.661075098814228,6.649
15.406,86.89,10,29.22,2902772,29.669,25.518872727272726,20.047207547169812,12.644763005780346,9.61490361445783,6.544
15.675,86.883,11,29.58,2902772,29.65,26.413742857142857,19.16426,12.842068571428571,9.643229838709678,6.608
15.715,87.103,11,29.11,2902772,28.892,26.11757843137255,20.064309278350517,13.162772727272728,9.730798418972332,6.731
15.903,87.532,11,29.05,2902772,29.181,26.482878504672897,19.596038834951457,12.935142857142857,9.815488,6.816
15.635,88.306,12,28.61,2902772,28.747,29.143857142857144,21.289233644859813,13.922402234636872,9.997935483870968,6.929
15.305,88.815,12,28.07,2902772,28.262,28.72580612244898,20.190049019607844,13.643418604651162,9.835622047244094,6.656
15.112,89.018,12,28.3,2902772,28.359,27.982470588235294,21.58002197802198,13.485686046511628,9.7645,6.666
7.104,83.531,1,28.18,2902775,28.29,28.364442307692308,25.61015463917526,14.814711656441718,9.909172690763052,6.9
6.333,83.328,1,27.9,2902775,27.964,28.279638095238095,26.66706,14.331679999999999,10.010824,6.761
5.785,83.64,1,27.8,2902775,27.574,28.365138613861387,26.31223469387755,14.187829545454546,10.249344,6.64
6.417,84.483,2,28.22,2902775,28.373,28.1550625,22.847064516129034,13.707727272727272,10.046480314960629,6.747
7.083,85.121,2,28.18,2902775,28.221,28.211591836734694,27.443990384615386,14.666784883720931,10.1765,6.877
7.479,85.44,2,28.11,2902775,28.238,27.898169811320756,24.741313725490194,14.035228571428572,9.969928000000001,6.746
7.698,85.694,3,28.46,2902775,28.617,28.08127272727273,23.40849473684211,13.564419540229887,9.834681274900397,6.79
7.742,85.794,3,29.03,2902775,29.301,28.867150000000002,25.28695,13.644166666666667,9.813016326530612,6.799
7.74,85.733,3,29.5,2902775,29.888,28.874742574257425,22.762659574468085,13.518741573033708,9.799632,6.704
7.71,85.6,4,30.01,2902775,30.334,29.63230612244898,24.470716981132078,14.556423529411765,9.93946963562753,6.75
7.696,85.489,4,30.95,2902775,31.053,28.254796116504856,23.28157575757576,13.751149425287357,9.93401593625498,6.792
7.685,85.483,4,30.48,2902775,30.947,28.6723085106383,23.394375,13.763045977011494,9.84252,6.774
7.631,85.542,5,29.92,2902775,30.017,28.53505,21.048444444444446,12.870209302325582,9.468581027667986,6.613
7.682,85.609,5,29.39,2902775,29.626,28.318320754716982,19.3043595505618,12.784389534883722,9.4811593625498,6.63
7.975,85.756,5,29.73,2902775,30.147,27.021514285714286,19.31160606060606,12.709424418604652,9.515577235772358,6.692
8.578,85.891,6,29.39,2902775,30.079,27.271151515151516,19.843242424242423,13.151624277456648,9.834856,6.941
8.835,85.87,6,29.27,2902775,29.551,25.44708510638298,18.778912087912087,12.909965714285713,9.620284584980237,6.843
8.564,85.562,6,29.27,2902775,29.386,24.712979591836735,18.738821782178217,12.96604705882353,9.887626506024096,6.892
8.168,85.114,7,28.89,2902775,29.101,26.88243137254902,21.64801,13.972685714285715,9.960802419354838,7.044
8.019,84.779,7,28.64,2902775,28.944,27.877666666666666,22.93188888888889,13.964775862068965,10.181031746031746,6.988
7.871,84.544,7,28.74,2902775,29.186,26.04153,22.80004,13.331921212121213,10.257015873015874,7.084
7.58,84.22,8,28.78,2902775,28.508,25.101714285714284,20.572406593406594,13.689109826589595,10.369737051792828,6.828
7.162,84.011,8,28.82,2902775,28.821,28.318411764705886,22.94553846153846,14.17525,10.546272,6.953
6.884,83.932,8,29.01,2902775,29.128,28.577989690721648,24.7449793814433,14.226955307262571,10.11977868852459,6.882
7.065,84.162,9,28.55,2902775,28.842,28.899653465346535,25.190391304347823,14.829556818181818,10.318254032258064,6.968
7.319,84.681,9,28.6,2902775,28.835,28.723463917525773,27.552374999999998,15.37478947368421,10.413057142857141,6.88
7.444,85.07,9,28.87,2902775,28.994,28.84596,28.09254901960784,15.944484536082474,10.58720325203252,6.93
7.406,85.382,10,28.62,2902775,28.872,28.79921568627451,28.37727272727273,15.478478260869565,10.20872,6.612
7.501,85.798,10,28.8,2902775,29.117,28.106040404040403,19.95299019607843,14.14821264367816,9.852640316205534,6.604
7.798,86.053,10,29.1,2902775,29.818,28.349666666666668,23.26268,14.084624309392266,10.015235294117646,6.73
7.888,86.391,11,29.48,2902775,29.223,28.96502912621359,24.497893203883496,14.309360655737704,9.98534693877551,6.819
7.705,86.44,11,29.47,2902775,29.637,25.18714,17.78338,13.483538461538462,9.682248995983935,6.627
7.618,86.324,11,29.42,2902775,29.618,27.694066666666668,20.860989361702128,13.708578947368421,9.703178571428571,6.576
7.721,86.332,12,28.84,2902775,29.031,26.53188679245283,18.977848484848487,13.691138728323699,9.8384,6.762
7.877,86.318,12,29.04,2902775,29.184,27.703058252427184,19.171356435643563,13.639366279069767,9.848389558232931,6.657
11.004,85.762,1,27.56,2902837,28.074,28.10046511627907,25.91655752212389,14.854828571428571,10.124082352941176,7.075
10.877,85.925,1,27.61,2902837,27.835,27.745787234042552,24.82487356321839,15.977599999999999,10.381902173913044,7.125
10.873,86.008,1,27.3,2902837,27.636,27.72791489361702,22.198666666666668,15.595882352941178,10.402088888888889,6.923
10.891,86.049,1,27.15,2902837,27.099,26.491581395348838,22.623851851851853,14.465,10.225956043956044,6.904
10.867,86.035,1,26.99,2902837,27.079,27.116954545454547,22.501054054054055,14.532666666666668,10.175333333333333,6.945
10.918,85.944,1,27.4,2902837,27.518,27.607499999999998,23.242546296296297,15.140030303030303,10.147375,6.902
10.973,85.795,1,27.5,2902837,27.492,27.524024999999998,23.265071428571428,15.089851063829787,10.070103448275862,6.892
11.049,85.594,2,27.76,2902837,27.824,27.919588235294118,22.775240384615387,14.896162162162161,10.171276595744681,6.921
11.035,85.346,2,27.77,2902837,27.651,27.993100000000002,23.07355140186916,14.998524999999999,10.156076923076922,6.89
10.99,85.084,2,27.77,2902837,27.843,27.808918367346937,24.475915887850466,15.404351351351352,10.006,6.999
10.924,84.813,2,27.71,2902837,27.682,27.705652173913045,24.756938775510203,15.558487179487178,10.051874999999999,6.871
10.816,84.561,2,27.97,2902837,28.124,27.854444444444443,25.369,15.501631578947368,10.10132584269663,6.882
10.752,84.304,2,27.93,2902837,27.974,27.870134615384618,25.066278350515464,15.419999999999998,10.113955555555556,7.023
10.712,84.011,3,28.2,2902837,28.206,27.949818181818184,25.35721739130435,15.89154054054054,10.021629213483147,6.772
10.661,83.715,3,28.01,2902837,28.098,28.101565217391304,23.805391304347825,15.132384615384614,9.913329411764705,6.757
10.557,83.383,3,28.23,2902837,28.446,28.20690909090909,24.131445652173912,14.89092105263158,10.089666666666666,6.836
10.481,83.049,3,28.33,2902837,28.515,28.432666666666666,25.211333333333332,14.539599999999998,9.940133333333334,6.748
10.41,82.729,3,28.7,2902837,29.102,27.9378431372549,25.306744680851065,15.516333333333332,10.191379310344827,6.791
10.283,82.459,3,29.25,2902837,29.55,27.994,26.563688073394495,16.160162790697676,10.171591397849463,6.85
10.059,82.234,4,29.57,2902837,30.152,29.05897777777778,27.281374999999997,16.685333333333332,10.074418604651163,6.648
9.823,82.115,4,29.79,2902837,29.881,28.95063829787234,26.265680412371132,15.449441860465116,9.959703296703298,6.545
9.564,82.122,4,30.22,2902837,30.244,29.051196078431374,26.886653465346534,16.3169,10.037241379310345,6.706
9.354,82.194,4,30.91,2902837,30.811,28.42309090909091,25.528319587628864,15.632562499999999,9.942,6.666
9.257,82.334,4,30.72,2902837,30.692,29.449358490566038,25.687578947368422,14.982916666666666,9.916837209302326,6.662
9.261,82.465,4,30.75,2902837,31.039,28.174352941176473,24.760130434782607,15.440972222222223,10.071181818181818,6.736
9.357,82.519,5,30.51,2902837,30.859,28.58612,25.965102272727272,15.421820512820513,10.134824175824177,6.71
9.541,82.301,5,29.7,2902837,30.12,29.019283018867924,27.390541666666667,15.102714285714287,10.063045454545454,6.654
9.405,82.229,5,29.76,2902837,30.236,29.69077777777778,24.14908791208791,15.274833333333333,10.063,6.673
9.339,82.159,5,30.35,2902837,30.507,28.574450980392157,25.096565217391305,15.004105263157895,10.065204545454545,6.692
9.345,82.053,5,30.25,2902837,30.498,28.495440000000002,23.925433628318583,15.24025,9.804941176470589,6.489
9.302,81.931,5,30.33,2902837,30.775,28.2545,22.016333333333336,14.989882352941176,9.98812643678161,6.627
9.178,81.831,6,29.98,2902837,30.205,27.928812500000003,23.06164601769912,14.15127027027027,9.908288888888888,6.451
9.315,81.946,6,30.41,2902837,30.253,28.746347826086957,24.08464705882353,13.818244897959184,9.687351063829787,6.374
9.52,82.147,6,30.14,2902837,29.995,27.761051282051284,21.938336633663365,13.86172,9.832022471910111,6.495
9.9,82.673,6,29.4,2902837,29.884,28.617755555555554,21.175089108910893,13.386714285714286,9.580130434782609,6.571
10.229,83.327,6,29.6,2902837,29.606,26.645272727272726,19.374144329896907,12.550333333333333,9.787548387096773,6.755
10.057,83.761,7,29.36,2902837,29.182,24.47266666666667,19.21478,12.64808,9.839402298850574,6.908
9.629,83.968,7,28.92,2902837,28.926,25.519624999999998,19.043188118811884,13.210180000000001,9.8574,7.057
9.118,84.095,7,28.56,2902837,28.587,26.142086956521737,18.83670588235294,13.605285714285715,9.94176923076923,7.113
9.033,84.229,7,28.63,2902837,28.731,23.922153846153847,18.89322340425532,13.905307692307693,10.077481927710844,7.235
9.207,84.276,7,29.02,2902837,29.204,24.189882352941176,19.717628865979382,13.679333333333332,10.191204545454546,7.11
9.508,84.231,7,28.9,2902837,29.168,23.25864705882353,18.40653846153846,13.609483870967741,10.287134831460675,7.086
9.882,84.103,8,29.31,2902837,29.389,23.09244,18.07132608695652,13.498102040816327,10.184125,6.844
10.278,83.933,8,29.34,2902837,29.289,23.922153846153847,17.83042424242424,13.392083333333334,10.10058695652174,6.721
10.58,83.901,8,29.31,2902837,29.534,24.76951063829787,19.83742718446602,13.923510638297873,10.064431818181818,6.815
10.875,83.948,8,29.12,2902837,29.327,25.901617021276596,18.919505376344084,13.268962962962963,9.777921348314607,6.718
11.153,84.021,8,28.97,2902837,29.364,24.991777777777777,19.169431372549017,13.027511111111112,9.559636363636363,6.569
11.753,84.185,8,29.26,2902837,29.846,28.47968292682927,21.149625,13.435783783783783,9.399024096385542,6.539
11.969,84.243,9,29.17,2902837,29.442,29.126431818181818,20.20336559139785,13.121941176470587,9.492285714285714,6.579
12.05,84.455,9,28.89,2902837,29.287,27.873555555555555,20.834621359223302,13.519265306122449,9.547735632183908,6.759
11.995,84.704,9,29.06,2902837,29.223,26.434409523809524,23.073457142857144,16.35155238095238,9.693456521739131,6.808
11.94,84.965,9,28.81,2902837,28.855,23.200615384615386,18.176326530612247,13.084244897959183,9.695157303370786,6.837
11.274,85.56,10,29.35,2902837,29.409,26.84301740139211,23.530372389791182,16.905082366589326,10.118868131868131,7.051
5.04854,91.92516,2,28.78,2903132,29.084,26.98,18.848909090909093,13.379819999999999,9.770224489795918,6.563
5.10155,91.90695,2,28.64,2903132,28.701,28.25562745098039,23.204527272727272,13.13602,10.07173469387755,6.526
10.8806,62.45717,1,27.37,2903137,27.282,27.26807843137255,22.315,14.909,11.199,8.241
11.23422,62.31912,1,26.83,2903137,26.879,26.795,23.37228,15.864,11.559843137254902,8.201
11.38748,62.2001,1,26.03,2903137,25.953,26.098020408163265,22.36056862745098,15.122826923076923,11.62,8.572
11.43762,62.17515,2,25.95,2903137,25.91,25.921294117647058,21.933,14.897,11.622,8.45
11.38596,62.12511,2,26.63,2903137,26.407,25.98392156862745,22.58804,14.193098039215686,11.561285714285715,8.28
11.32575,62.08478,3,27.21,2903137,27.221,25.797,22.281264150943393,15.401,11.46,8.436
11.45146,62.09639,3,27.84,2903137,27.989,25.531725490196077,21.773442307692306,14.453098039215687,11.525879999999999,8.241
11.77728,62.07007,3,28.49,2903137,28.455,25.555,22.071775510204084,14.967,11.636,8.411
12.18258,62.01928,4,29.41,2903137,29.529,25.867877551020406,23.255,15.276,11.540807692307693,8.61
12.45237,62.06814,4,29.44,2903137,29.336,27.07172549019608,22.47173076923077,15.22624,11.617,8.72
12.47735,62.13448,4,29.9,2903137,29.74,27.323,23.740779999999997,15.184,11.619,8.729
12.26214,62.10936,5,30.61,2903137,30.335,26.499,23.376019607843137,16.139,11.649,8.524
11.92431,61.98458,5,31.36,2903137,31.688,26.239,22.23751923076923,15.002,11.593,8.318
11.60169,61.86658,5,31.55,2903137,31.533,27.71192156862745,22.64843137254902,15.681,11.51178,8.541
11.35938,61.76062,6,31.38,2903137,31.05,28.456,23.482,15.832,11.626,8.469
11.20399,61.59829,6,28.87,2903137,29.24,29.20129411764706,24.077,16.118,11.690439999999999,8.34
11.07849,61.33831,6,29.19,2903137,28.988,28.982,25.319319999999998,15.921,11.817,8.351
11.02317,60.96032,7,28.04,2903137,28.116,28.13794,28.149058823529412,16.515384615384615,11.67576,8.478
11.09446,60.55575,7,27.67,2903137,27.597,27.615,27.499,16.534740000000003,11.749057692307693,8.731
11.07592,60.28666,7,27.07,2903137,27.196,27.17,27.165,16.38594117647059,11.722156862745098,8.608
10.85712,60.08047,8,27.24,2903137,27.251,27.308057692307692,27.523,18.42914,11.768,8.74
5.63588,68.17242,1,28.79,2903138,28.763,27.633,21.204098039215687,15.506,10.798960784313724,7.27
5.73716,68.78185,1,28.51,2903138,28.553,28.696,22.909705882352945,15.138,10.802137254901961,7.241
6.18197,69.36991,1,28.23,2903138,28.007,28.773551020408163,24.734784313725488,16.337,10.950980392156863,7.222
6.10973,69.81631,2,27.96,2903138,28.172,28.736,25.28346,15.822,10.904078431372549,7.178
5.46652,69.90606,2,28.56,2903138,28.754,28.853882352941177,25.515,15.37,10.853,7.065
5.63249,69.85285,2,28.9,2903138,28.703,28.502,26.039,14.5997,10.504615384615386,7.058
6.30032,69.86759,3,29.07,2903138,28.834,28.750666666666664,24.294399999999996,14.908384615384614,10.698,7.395
6.65102,69.95726,3,29.47,2903138,29.726,28.45516,26.567259999999997,14.79324,10.577,7.416
6.79737,70.17432,3,29.28,2903138,30.008,28.42135294117647,22.45896,14.354,10.519,7.236
6.96654,70.15731,4,29.75,2903138,29.974,28.473,25.366313725490198,14.540313725490197,10.519,7.202
7.01358,70.00617,4,30.43,2903138,30.273,28.85592,27.2819,14.871098039215687,10.619,7.267
6.80768,69.81993,4,30.67,2903138,30.963,28.59378,27.4284,14.50714,10.43516,7.047
6.73295,69.67892,5,30.38,2903138,30.689,28.52,24.637,14.589,10.359,7.267
6.81187,69.80329,5,30.63,2903138,30.293,28.66176,22.766,14.228,10.415,7.23
6.75008,69.98012,5,31.0,2903138,30.928,29.048,24.486,14.441,10.371098039215687,7.215
6.89696,69.98255,6,30.72,2903138,30.571,28.158520000000003,21.444,13.745659999999999,10.333,7.2
7.30371,69.81122,6,29.89,2903138,30.157,28.67501923076923,22.474619999999998,14.012,10.566137254901962,7.307
7.60119,69.69903,6,29.64,2903138,29.952,29.199678571428574,20.824,13.797,10.7568,7.391
7.54507,69.825,7,28.83,2903138,29.229,29.211068965517242,20.276419999999998,13.743640000000001,10.531320000000001,7.33
7.30718,69.88492,7,29.13,2903138,29.499,29.173,22.47,14.10228,10.637942307692308,7.345
7.00468,69.9087,7,29.17,2903138,29.394,29.182,21.67147058823529,14.211,10.783921568627452,7.353
6.75249,69.79752,8,29.72,2903138,29.773,29.40135294117647,22.419,13.72,10.737,7.312
6.65785,69.71911,8,29.7,2903138,29.726,29.10257692307692,21.488235294117644,13.668,10.75516,7.346
6.5981,69.59235,8,30.06,2903138,30.756,29.641142857142857,21.465,13.729,10.848,7.342
6.63274,69.45723,9,29.52,2903138,29.521,29.38928846153846,19.622,13.732,10.750879999999999,7.234
6.67488,69.3221,9,29.52,2903138,29.759,29.58680769230769,21.06,13.975,10.584,7.245
6.61512,69.11422,9,29.95,2903138,29.935,29.707,21.399568627450982,13.89264705882353,10.50856862745098,7.2
6.42975,68.91402,10,29.68,2903138,30.188,29.879,21.182,14.094,10.694980392156863,7.323
6.41388,68.59723,10,30.15,2903138,29.928,29.31264583333333,22.89676470588235,13.972,10.715,7.326
6.41173,68.3285,10,29.75,2903138,29.776,29.43226923076923,22.403,13.691,10.782196078431372,7.478
6.53415,67.97512,11,29.68,2903138,29.594,29.764692307692307,21.368,13.708,10.582470588235294,7.238
6.62937,67.6914,11,30.17,2903138,30.162,29.68242,23.897764705882356,14.352725490196079,10.462,7.243
6.51591,67.39778,11,30.13,2903138,30.009,29.09021568627451,23.743942307692308,14.411,10.594,7.401
6.27578,67.30109,12,29.89,2903138,29.934,29.641,22.135,14.094980392156863,10.715,7.163
6.07762,67.55474,12,29.95,2903138,29.994,28.971622641509434,20.663,14.254,10.95466,7.063
7.87708,64.67333,1,28.11,2903140,28.116,27.05494117647059,20.006,13.518,10.891,7.671
8.13844,64.4764,1,27.67,2903140,27.605,27.305,19.126,13.923,11.151196078431372,7.77
8.25625,64.24023,1,26.91,2903140,27.39,26.748820000000002,20.731625,13.735,10.94804,7.667
8.37858,63.96597,2,27.37,2903140,27.356,27.128307692307693,19.04619230769231,13.859,11.08,7.657
8.46593,63.6736,2,28.07,2903140,27.493,26.752156862745096,19.25,13.666,11.092196078431373,7.557
8.27108,63.26111,3,28.31,2903140,28.257,27.71,22.17152830188679,14.129058823529412,11.174,7.697
7.72334,62.74987,3,29.09,2903140,29.263,27.965,24.710372549019606,16.132,11.04,7.696
7.09198,62.14686,3,29.13,2903140,29.403,28.568358490566037,25.29494117647059,16.493,11.214,7.742
6.81518,61.64855,4,29.66,2903140,29.788,28.24,26.392,16.9781568627451,11.219372549019608,7.32
6.8878,61.28227,4,29.92,2903140,29.926,28.951,26.244,15.657725490196079,11.1301,7.255
6.91421,61.1456,4,29.94,2903140,30.363,29.295634615384614,26.59244,16.30488,11.209,7.345
6.99643,61.41329,5,30.53,2903140,30.478,28.663392156862745,26.806,15.894039215686275,11.074959999999999,7.08
7.33082,61.87715,5,30.35,2903140,30.437,28.603,26.608,15.702,11.22588,7.061
7.51242,62.41322,5,30.32,2903140,30.551,28.993,24.573,15.627,11.117,7.356
7.04339,62.79365,6,30.36,2903140,30.579,30.059,24.911,14.453,11.018549019607843,7.324
7.05932,63.06696,6,29.47,2903140,29.58,29.510407407407406,25.566,14.367,11.155,7.199
7.30652,63.47977,6,29.25,2903140,29.413,28.294019607843136,21.52381632653061,14.615,10.90576923076923,7.266
7.25644,63.70565,7,29.17,2903140,29.214,29.239,25.701,15.196,11.004,7.31
7.22758,63.7748,7,29.17,2903140,29.178,29.11608,26.30521568627451,15.4413,11.048,7.347
7.42386,63.88587,7,28.58,2903140,28.628,28.644,24.236,15.199,10.957058823529412,7.334
7.70947,64.05771,8,29.06,2903140,29.085,28.98460784313726,28.499,14.85,11.173,7.291
7.69619,64.35209,8,29.37,2903140,29.663,28.034,22.863,14.640423076923078,10.925,7.736
7.43968,64.511,8,30.18,2903140,30.29,29.27208,27.539,14.704326530612244,11.076846153846153,7.224
7.35609,64.64974,9,29.34,2903140,29.376,29.205901960784313,27.844,14.018627450980393,11.019803921568627,7.628
7.48521,65.00917,9,29.74,2903140,30.147,28.962,25.782,14.732,10.95494,7.406
7.50888,65.44996,9,29.91,2903140,29.756,28.04108,24.796,14.337,10.84718,7.389
7.80454,65.76086,10,29.76,2903140,29.782,28.78,22.643176470588234,14.395745098039216,10.923,7.379
7.96407,66.17792,10,30.3,2903140,30.202,29.449,25.363,14.458196078431373,10.991,7.293
8.06576,66.6831,10,29.77,2903140,30.377,28.669196078431373,23.707,14.571159999999999,10.651923076923076,7.367
8.38143,66.87155,11,29.73,2903140,30.067,28.561,23.89241176470588,14.476,10.799,7.442
8.46693,66.89701,11,30.14,2903140,29.988,28.216199999999997,25.274269230769228,14.436,10.841843137254902,7.513
8.04135,66.95675,11,29.71,2903140,30.157,28.64554901960784,24.26298,14.059,10.868,7.746
7.60362,67.08746,12,29.86,2903140,30.174,29.717879999999997,25.107,14.328,10.89276,7.57
7.4405,67.15064,12,30.05,2903140,30.239,29.637,22.23641176470588,14.19,10.658,7.566
14.17376,60.32568,5,30.44,2903142,30.297,26.159,24.305880000000002,16.944764705882353,12.113142857142858,9.182
14.44107,60.6194,5,31.49,2903142,31.081,25.6605,24.347607843137254,16.857764705882353,11.903294117647059,8.611
14.93344,60.68674,5,32.22,2903142,32.769,26.381980392156862,24.14934,16.986,12.328192307692309,8.836
15.15779,60.90848,6,32.2,2903142,31.928,29.050134615384614,23.311884615384614,17.237,12.574,9.047
15.01437,61.10029,6,30.04,2903142,30.751,27.197423076923076,24.454,17.319,12.25329411764706,9.06
14.78678,61.32166,6,29.17,2903142,29.146,29.080423076923076,24.491632653061224,17.36,12.574784313725491,9.135
14.53072,61.43066,7,28.13,2903142,28.306,28.324,24.223280000000003,17.64204,12.352058823529411,8.865
14.32433,61.58108,7,27.17,2903142,26.95,26.948019607843136,23.782384615384615,16.89429411764706,12.294843137254901,8.754
14.14058,61.60205,7,26.34,2903142,26.507,26.52,23.45704,16.694,12.370923076923077,8.592
14.15322,61.58485,8,26.51,2903142,26.613,26.56102,24.7228,16.84,12.371080000000001,8.677
14.12627,61.58678,8,26.86,2903142,26.539,26.05149019607843,25.65108,17.430153846153846,12.411,8.589
14.10001,61.67795,8,27.59,2903142,27.705,26.868846153846153,25.396020408163267,17.782,12.616,8.759
14.04702,61.67173,9,26.73,2903142,26.79,26.279,25.144490196078433,17.74506,12.786,8.736
13.93884,61.5814,9,27.12,2903142,27.178,27.080019999999998,25.190019607843137,18.908,12.6512,9.002
13.48171,61.53342,9,27.12,2903142,27.089,26.536549019607843,25.547098039215687,19.8898,12.9381,8.713
13.072,61.45623,10,27.94,2903142,28.237,27.04052941176471,25.409460000000003,19.09956,12.376,8.35
12.95433,61.41075,10,29.04,2903142,29.327,26.771,25.772,18.627,12.389509803921568,8.372
12.87982,61.59435,10,28.55,2903142,29.186,26.869711538461537,26.70180392156863,18.58442857142857,12.135,8.496
12.6696,62.0422,11,28.7,2903142,29.009,26.828,26.538745098039218,18.08672,12.20382,8.488
12.96331,62.22263,11,29.2,2903142,29.266,27.60128,26.22096153846154,17.409,12.177,8.559
13.29221,62.2682,11,28.95,2903142,29.036,27.774862745098037,26.516000000000002,18.411,12.407,8.482
12.83918,62.36155,12,28.04,2903142,28.216,28.191,26.45584,17.82386,12.142,8.534
12.28633,62.36707,12,27.77,2903142,27.92,27.82,25.044,17.02114,11.936,8.546
12.26919,62.60251,12,27.44,2903142,27.735,27.86943137254902,22.972078431372548,16.67749019607843,12.076,8.489
9.27804,64.40008,12,29.41,2903145,29.595,27.951235294117648,22.10478431372549,14.843725490196078,11.33705882352941,7.738
9.33443,64.40011,12,29.27,2903145,29.021,28.472,22.096,15.107,11.21,7.531
9.33491,64.37423,12,29.31,2903145,29.254,27.865,22.979470588235294,14.73,11.171,7.537
9.41165,64.45672,12,29.33,2903145,29.249,27.644,22.199,15.17,11.3,7.525
9.67966,64.03564,12,28.97,2903145,29.266,27.989549019607843,22.944,15.221,11.235117647058823,7.47
11.18971,60.89406,12,28.36,2903149,28.617,28.611921568627448,22.978,15.607,11.67774,9.831
11.25366,60.86499,12,28.13,2903149,28.387,28.396,23.637980392156862,15.291,11.619294117647058,8.134
11.2827,60.8195,12,28.14,2903149,28.276,28.291,23.763,15.538176470588235,11.54,8.253
11.32144,60.76715,12,27.96,2903149,28.185,28.201,23.397000000000002,14.879,11.617058823529412,8.231
11.3978,60.55217,12,27.55,2903149,27.645,26.41022448979592,22.442018867924528,15.235,11.519509803921569,8.302
12.35,88.93333333333334,9,28.76,2903891,29.114,27.399448598130842,23.226444444444443,14.57266081871345,9.780178571428571,6.579
12.566666666666666,89.05,10,28.4,2903891,28.678,27.881642105263158,21.298872340425532,13.43244827586207,9.729272030651341,6.59
12.666666666666666,89.16666666666667,10,29.29,2903891,29.557,27.481085106382977,21.364281553398058,13.999651685393259,9.815354085603113,6.63
12.633333333333333,89.31666666666666,10,29.6,2903891,29.233,27.843033333333334,21.238363636363637,13.7795,9.720792,6.676
12.516666666666667,89.58333333333333,10,29.48,2903891,29.874,27.30934693877551,21.715117647058822,13.509457627118644,9.722067729083665,6.831
12.35,89.91666666666667,11,29.71,2903891,29.899,27.740757575757577,20.70045360824742,13.208960227272728,9.71688,6.738
12.566666666666666,90.11666666666666,11,29.31,2903891,29.333,29.058855670103092,21.013356435643566,13.17990909090909,9.527008097165991,6.69
12.566666666666666,90.11666666666666,11,29.07,2903891,29.276,28.3968,20.189559999999997,13.124832402234636,9.532024,6.765
13.033333333333331,90.33333333333331,12,29.25,2903891,29.2,28.533855670103094,21.06470967741935,13.315029069767442,9.693714285714286,6.848
13.1,90.23333333333332,12,28.85,2903891,29.072,28.951652173913043,21.511039999999998,13.338461988304093,9.825000000000001,6.952
13.1,90.13333333333334,12,28.61,2903891,28.714,28.5005,20.388178217821782,13.05529479768786,9.709137651821862,6.971
7.116666666666666,88.85,10,28.62,2903892,28.974,28.553715789473685,28.466320754716982,13.784639344262294,9.997364000000001,6.657
6.633333333333333,89.01666666666667,10,29.03,2903892,29.007,28.63779381443299,20.123177083333335,13.243609467455622,9.9655,6.684
6.333333333333333,89.26666666666667,10,28.83,2903892,28.92,27.71634065934066,19.572029411764706,13.167048780487804,10.04925806451613,6.639
6.65,89.55,11,29.24,2903892,29.382,26.518848484848483,18.525634146341464,12.74877094972067,9.938349206349207,6.631
7.25,89.48333333333333,11,29.7,2903892,29.622,26.18970297029703,18.345882352941175,12.818274285714285,9.914055555555557,6.733
7.683333333333334,89.2,11,29.39,2903892,29.7,24.959714285714288,17.445433333333334,12.718005780346822,9.773800796812749,6.617
7.75,88.93333333333334,12,28.68,2903892,28.73,23.683,17.015577319587628,12.80180790960452,9.799736000000001,6.661
7.65,88.71666666666667,12,29.16,2903892,29.325,24.17742857142857,17.4635,12.58090909090909,9.699858870967741,6.678
7.666666666666667,88.5,12,28.85,2903892,29.115,24.87604081632653,18.322882352941175,12.763467836257309,9.62725,6.693
17.635111833333333,66.44640966666665,6,31.53,4903660,31.504,28.715015625,24.43756842105263,18.153235,12.596601851851853,9.083
17.686318500000002,66.47300016666667,6,31.44,4903660,31.445,28.298563451776648,23.981268292682927,18.598317073170733,12.660057942057943,11.811
17.714435833333333,66.51699533333334,6,31.54,4903660,31.638,29.045532663316582,24.323854271356787,18.368393203883493,12.675877654196158,9.121
17.7320875,66.56078183333334,6,31.56,4903660,31.718,28.529502369668247,24.539947368421053,17.3611884057971,12.565706,9.1
17.741481333333336,66.61647666666666,6,31.41,4903660,31.544,28.312114427860696,24.569444976076554,17.79348275862069,12.74840490797546,9.106
17.733179833333335,66.66490566666667,6,30.8,4903660,31.022,28.555591836734695,24.33512307692308,17.848384615384617,12.582792792792793,9.047
17.6881845,66.66379083333332,6,30.0,4903660,30.037,29.280788944723618,24.30625641025641,17.28375129533679,12.408960396039603,8.898
17.572321499999997,66.70056100000001,6,29.46,4903660,29.817,26.49428,23.463386473429953,16.300497487437184,12.395785,8.81
16.991089499999998,66.60621583333334,6,29.92,4903660,29.691,29.09385294117647,23.503559090909093,16.88960869565217,12.359172482552344,8.752
16.608961166666667,66.189918,6,29.18,4903660,28.882,26.117453658536583,22.799676767676768,18.665263414634147,12.470802359882006,8.771
16.326757,65.686225,7,28.41,4903660,28.638,28.617469194312797,23.27897969543147,17.2578040201005,12.42786881937437,8.665
16.106693333333332,65.3582225,7,28.37,4903660,28.339,28.33289552238806,24.048305555555554,17.435633165829145,12.400500000000001,8.524
15.699559,65.12652566666667,7,27.53,4903660,27.692,27.64953591160221,24.35166310160428,17.843409523809523,12.425088118811882,8.547
15.238184999999998,64.91467516666667,8,27.38,4903660,27.484,27.45279,25.20752380952381,18.666285714285713,12.690322067594433,8.528
14.856883166666668,64.82022533333334,8,27.85,4903660,27.264,26.977049723756906,26.908285714285714,18.957730569948186,12.524351351351351,8.617
14.744236833333332,64.90914833333333,8,28.25,4903660,28.041,27.53332275132275,26.702129213483147,19.19880198019802,12.475393908629442,8.487
14.963819333333332,64.97846150000001,9,28.11,4903660,28.195,27.525759433962264,26.628482233502538,19.155833333333334,12.520926,8.464
15.2044545,64.78540966666667,9,28.41,4903660,28.316,27.85271028037383,27.04540291262136,18.813958115183247,12.53504582484725,8.595
15.503988499999998,64.45573516666667,9,27.53,4903660,27.912,27.830208333333335,26.375849056603773,18.296712041884817,12.516,8.565
15.644457,64.32696383333334,9,28.39,4903660,28.468,27.61737254901961,26.076376963350786,18.1885980861244,12.536354166666667,8.594
15.643671166666666,64.25725600000001,10,29.12,4903660,28.902,27.106296650717702,26.076267326732673,18.21276076555024,12.577827338129495,8.65
15.731376333333332,64.20328133333334,10,28.97,4903660,29.247,27.33142105263158,25.385,18.168502538071067,12.478572159672467,8.589
15.813444666666664,64.08325916666666,10,29.11,4903660,29.292,27.73944329896907,25.32472340425532,18.721200980392158,12.463510204081633,8.746
15.685626666666668,64.01242083333334,11,29.1,4903660,29.334,27.567336734693875,25.90114432989691,18.54769387755102,12.440766632548618,8.466
15.3839445,64.04985816666667,11,29.14,4903660,29.127,26.595868020304568,24.8414,18.54764705882353,12.374549753694582,8.658
15.326744833333333,64.03963633333333,11,29.22,4903660,29.153,27.877069306930693,24.568,18.274010256410257,12.307790836653385,8.467
15.111131833333332,64.10654483333333,11,28.99,4903660,29.047,28.859852040816328,21.706865979381444,17.001055,12.294946481665015,8.484
15.194688,64.0602035,12,28.24,4903660,28.439,26.658405263157896,22.89752427184466,17.297656410256412,12.097003076923077,8.408
15.259689666666668,64.259884,12,27.93,4903660,27.978,27.906804020100502,21.99944623655914,16.914281407035176,12.015119023397762,8.295
15.515590666666666,64.55498566666667,12,27.05,4903660,27.392,27.35552884615385,21.791354679802954,17.00035175879397,12.34390157480315,8.551
13.333333333333334,85.23333333333333,9,28.84,4903775,28.912,26.522030303030302,21.265154639175258,13.834057803468207,9.789290836653388,7.02
13.216666666666669,85.2,9,29.16,4903775,14.361,14.361,14.361,13.554232558139534,9.777,6.727
13.033333333333331,85.4,10,29.52,4903775,29.94,26.626971153846156,20.96558415841584,13.936041176470589,9.783091633466135,6.567
13.0,85.78333333333333,10,29.54,4903775,29.675,28.466117647058823,22.1535625,14.218872832369943,9.739763052208836,6.662
12.983333333333333,86.18333333333334,10,29.32,4903775,29.142,28.41288775510204,22.776260869565217,14.155691428571428,9.712816,6.553
13.133333333333333,86.35,11,29.43,4903775,29.513,28.399339805825242,21.945917525773197,14.765833333333333,9.854618473895583,6.519
13.366666666666667,86.48333333333333,11,29.4,4903775,29.327,27.86575268817204,22.545285714285715,14.337912280701754,9.789772908366533,6.613
13.733333333333333,86.4,11,28.92,4903775,29.116,25.504148936170214,20.25242156862745,13.585034682080925,9.782096774193548,6.694
14.366666666666667,86.1,12,28.75,4903775,28.976,28.148391752577318,20.98857894736842,13.427142857142858,9.797064257028113,6.754
14.683333333333334,86.25,12,27.74,4903775,28.123,28.169585858585858,21.413871287128714,13.349775862068967,9.764689243027888,6.94
10.95,88.55,10,28.96,4903776,29.257,26.955615384615385,20.528451923076922,14.13406043956044,9.810276,6.735
11.183333333333334,88.61666666666666,10,29.16,4903776,29.092,26.63445263157895,21.02898058252427,13.6485,9.744257142857142,6.676
11.616666666666667,88.58333333333333,10,29.33,4903776,29.932,28.242484536082472,21.370224489795916,13.76364739884393,9.666465587044534,6.58
11.85,88.71666666666667,11,29.61,4903776,29.704,27.36698058252427,21.84837623762376,14.299436363636364,9.844129411764706,6.792
11.85,89.06666666666666,11,29.28,4903776,29.381,26.309458333333332,19.977019607843136,13.246169590643275,9.713933609958506,6.805
12.05,89.33333333333333,11,28.82,4903776,29.048,26.226791666666667,19.871959183673468,13.088570652173914,9.581780876494024,6.69
12.216666666666669,89.55,12,29.09,4903776,29.148,27.997,20.26950980392157,13.25078947368421,9.73178629032258,6.773
12.4,89.65,12,28.79,4903776,28.955,28.44390625,20.371424528301887,13.056087719298246,9.776518072289157,6.871
12.3,89.63333333333334,12,28.58,4903776,28.679,27.12677358490566,20.464287128712872,13.077918604651163,9.711565737051794,6.976
13.316666666666666,83.71666666666667,9,29.08,5907082,29.267,26.4603786407767,20.08505,13.10129213483146,9.611262295081966,6.664
13.333333333333334,83.68333333333334,10,29.21,5907082,29.357,28.40112,20.25436274509804,13.589531428571428,9.794698412698413,6.69
12.866666666666667,83.68333333333334,10,29.85,5907082,29.714,25.593375,19.686505050505048,13.243966101694914,9.757903614457831,6.708
12.333333333333334,83.61666666666666,10,29.32,5907082,29.126,21.07004081632653,17.718235294117648,12.855348571428571,9.68003162055336,6.793
12.116666666666667,83.48333333333333,11,29.55,5907082,29.831,22.100509433962266,17.19369387755102,12.367560000000001,9.6048,6.71
12.466666666666669,83.35,11,29.88,5907082,29.54,24.17866990291262,18.84648484848485,12.993500000000001,9.897215139442231,6.666
12.916666666666666,83.65,11,29.21,5907082,29.477,28.172169811320753,22.299533980582524,14.32532,10.08408,6.785
12.916666666666666,84.13333333333334,12,28.58,5907082,28.836,26.4429,21.909764705882353,14.619345454545455,10.188764940239043,6.883
12.383333333333333,84.11666666666666,12,28.37,5907082,28.436,28.018855670103093,21.54865,15.714344827586208,10.322875502008031,6.893
13.2,86.71666666666667,9,28.76,5907083,28.627,25.933999999999997,19.629942307692307,13.246666666666668,9.5845,6.504
13.216666666666669,87.1,10,29.28,5907083,29.444,25.553277227722774,19.727204081632653,13.065621301775149,9.673112903225807,6.386
13.316666666666666,87.43333333333334,10,29.76,5907083,29.954,25.330514285714287,19.75298058252427,12.727214689265537,9.584469879518073,6.489
13.55,87.53333333333333,10,29.65,5907083,29.802,26.270670000000003,21.065897196261684,13.214018072289157,9.576967741935484,6.589
13.933333333333334,87.43333333333334,11,29.52,5907083,29.613,26.24421649484536,19.70575789473684,13.751629213483145,9.80922131147541,6.637
14.233333333333333,87.35,11,29.4,5907083,29.188,23.938556701030926,18.540673267326735,12.948111731843575,9.780096,6.803
14.616666666666667,87.16666666666667,11,29.0,5907083,29.132,25.93151851851852,18.937565656565656,13.48815028901734,9.862892857142857,6.844
14.65,87.13333333333334,12,29.02,5907083,29.015,25.58652,18.980545454545457,12.78512429378531,9.988444444444445,6.972
14.3,86.86666666666666,12,28.12,5907083,28.285,26.401371134020618,20.046938144329896,12.919883040935673,10.066504,6.926
18.78333333333333,67.36666666666666,10,28.83,5907084,29.461,28.121632653061223,22.626961165048545,17.122173410404624,12.629677419354838,8.873
18.933333333333334,67.45,10,29.37,5907084,29.483,28.706423076923077,22.95181632653061,17.01404,12.62201593625498,9.12
19.05,67.7,11,29.81,5907084,29.58,28.576886792452832,22.700499999999998,17.331826589595376,12.619870967741935,9.078
18.9,67.98333333333333,11,29.22,5907084,28.871,27.449107843137256,22.93890099009901,17.024782857142856,12.621189516129032,9.107
18.716666666666665,68.26666666666667,11,28.71,5907084,28.756,28.233051020408162,22.84322448979592,17.105627906976743,12.622976470588235,9.029
18.55,68.51666666666667,12,27.92,5907084,28.061,27.27611881188119,22.211787878787877,17.242422857142856,12.828533864541832,8.886
18.5,68.63333333333334,12,27.58,5907084,27.716,27.547894736842107,22.561899999999998,17.274,12.674292490118576,8.789
11.666666666666666,69.05,11,29.99,5907085,29.901,28.15119801980198,21.20954,15.218158536585365,11.630771084337349,7.669
11.833333333333334,69.33333333333333,11,29.85,5907085,30.233,28.33611111111111,22.482333333333333,15.220644067796611,11.398228,7.779
11.55,69.5,11,29.67,5907085,30.04,28.57146875,22.76965263157895,15.358114942528735,11.382276679841898,7.858
11.133333333333333,69.46666666666667,12,29.58,5907085,29.878,28.558925925925923,22.127561224489796,15.546358381502891,11.363650793650795,7.77
10.7,69.3,12,29.59,5907085,29.718,28.747363636363637,22.461494845360825,15.133448275862069,11.467435483870968,7.687
11.419028333333332,67.83311666666667,10,29.59,5907092,29.953,27.91906,20.971073684210527,15.165402684563757,11.38554260089686,7.872
11.429215,67.97354166666666,10,29.5,5907092,29.92,27.973499999999998,20.89459405940594,15.143333333333334,11.420867841409692,7.89
11.45559,68.04437833333333,10,29.47,5907092,29.929,28.04851020408163,21.422767676767677,15.152378378378378,11.411527027027027,7.845
11.498688333333334,68.10232666666667,10,29.48,5907092,29.84,28.099694736842107,21.68541237113402,15.141081081081081,11.443431718061674,7.83
11.556415,68.14678,11,29.6,5907092,29.995,28.511489795918365,22.039464646464648,15.189,11.439264573991032,7.736
11.607373333333332,68.19583666666666,11,29.57,5907092,30.179,28.414571428571428,21.268161616161617,15.32754,11.536755555555557,7.866
11.67805,68.232105,11,29.55,5907092,29.664,28.574694736842105,21.9925,15.284500000000001,11.387072398190046,7.637
12.269313333333333,68.1001,11,29.99,5907092,30.076,28.671714285714287,21.721425742574258,15.587648648648647,11.3899009009009,7.907
12.226301666666666,67.93323333333333,11,29.47,5907092,29.759,28.612747474747472,22.711,15.762248322147652,11.577520179372197,7.864
12.558298333333331,68.24005333333334,12,29.17,5907092,29.588,28.92,22.831,15.92824832214765,11.601391891891891,8.001
12.72645,67.99256166666666,12,29.18,5907092,29.29,28.900464646464645,22.880484848484848,15.401,11.555513274336283,7.378
12.92601,67.94668666666666,12,28.85,5907092,29.334,29.206346534653463,24.018466019417477,15.884563758389262,11.47531718061674,7.584
23.852301666666666,63.397331666666666,1,26.19,6903008,25.737,25.74490909090909,22.7699,18.891583333333333,13.375625000000001,9.098
23.830921666666665,63.365035,1,25.88,6903008,25.409,25.407923076923076,22.542,18.771,13.266238095238096,9.14
23.82611333333333,63.309133333333335,1,25.6,6903008,25.298,25.317272727272726,22.997700000000002,19.019,13.428,9.111
23.81588,63.26809833333333,1,25.34,6903008,25.113,25.112000000000002,23.028,18.9592,13.385,9.006
23.79709666666667,63.22691833333333,1,25.45,6903008,25.135,24.7528,22.594083333333334,19.058,13.431,9.016
23.77926,63.201895,1,25.3,6903008,25.065,25.0187,22.415,19.051750000000002,13.327333333333334,8.989
23.78755,63.18667666666666,1,24.88,6903008,24.613,24.642,22.731,18.9165,13.3765,9.098
23.799996666666665,63.193815,1,24.48,6903008,24.28,24.3216,22.564333333333334,18.776,13.341904761904763,9.062
23.834118333333333,63.23641166666667,1,24.42,6903008,24.318,24.259,22.889846153846154,19.121,13.409842105263158,8.984
23.87281,63.318981666666666,1,24.51,6903008,24.154,24.1854,22.534,19.333692307692306,13.350999999999999,9.112
23.903166666666667,63.40713333333333,1,24.42,6903008,23.992,23.999,22.74383333333333,19.00327272727273,13.4665,9.085
23.930986666666666,63.483448333333335,1,24.25,6903008,23.905,23.913,22.541,19.137357142857145,13.2491,8.991
23.961195,63.55668666666666,1,24.07,6903008,23.622,23.631666666666668,23.547,19.019,13.336285714285713,9.15
24.001151666666665,63.61647666666666,1,23.84,6903008,23.447,23.467166666666667,23.453,19.009222222222224,13.347045454545453,8.974
24.034685,63.648608333333335,1,23.65,6903008,23.343,23.36657142857143,22.7953,19.127777777777776,13.43735,9.054
24.10067,63.70601666666666,1,23.48,6903008,23.304,23.321,22.97475,19.149500000000003,13.532619047619049,9.11
24.194313333333334,63.73533166666667,2,23.61,6903008,23.396,23.229,22.127066666666668,19.1641,13.63385,9.307
24.28883,63.76126333333333,2,23.59,6903008,23.468,23.226181818181818,23.05009090909091,19.35,13.555190476190475,8.982
24.3739,63.83037333333333,2,23.5,6903008,23.48,23.149545454545457,23.03333333333333,19.205,13.541875,9.04
24.437656666666665,63.902748333333335,2,23.74,6903008,23.479,23.233,23.112636363636362,19.227,13.601272727272727,9.069
24.470845,63.960155,2,23.74,6903008,23.233,23.192,22.592000000000002,19.259833333333333,13.511764705882353,9.1
24.48561,64.00296166666666,2,23.49,6903008,23.373,23.31576923076923,23.111,19.980900000000002,13.422,8.936
24.451833333333333,64.03497333333334,2,23.78,6903008,23.509,23.1725,23.0021,20.054,13.611157894736843,8.939
24.35086,64.06425,2,24.07,6903008,23.651,23.078363636363637,22.997333333333334,20.03,13.622333333333334,9.022
24.227975,64.10057166666667,2,24.43,6903008,23.916,23.355166666666666,23.1771,19.744142857142858,13.472800000000001,9.103
24.085778333333334,64.21265,2,24.14,6903008,23.658,23.065,22.76877777777778,19.64,13.8057,9.021
23.92236833333333,64.31240333333334,2,24.13,6903008,23.742,23.146923076923077,23.0485,19.6202,13.335899999999999,9.072
23.80061166666667,64.45044,2,24.25,6903008,24.235,23.118692307692307,22.590769230769233,19.609076923076923,13.382347826086956,9.005
23.73701,64.643105,2,24.49,6903008,24.333,23.311,22.60518181818182,19.171166666666668,13.478117647058824,9.03
23.732701666666667,64.81562,2,24.91,6903008,24.612,23.807666666666666,22.8436,19.208444444444446,13.350428571428571,8.949
23.785371666666663,64.97120833333334,3,24.93,6903008,25.091,23.802,22.924,19.571,13.543,8.976
23.888863333333333,65.11504,3,25.48,6903008,25.452,23.840222222222224,23.275,19.63975,13.417722222222222,8.898
23.993045,65.23792166666667,3,25.7,6903008,25.43,23.959,23.222,20.24888888888889,13.490263157894738,9.05
24.06427833333333,65.35666,3,26.07,6903008,25.197,22.900636363636362,23.355999999999998,19.658,13.733666666666666,9.077
24.09265333333333,65.49881666666667,3,26.68,6903008,26.382,23.540750000000003,23.5378,20.0815,13.804529411764706,9.099
24.057721666666662,65.593395,3,26.68,6903008,26.095,23.59722222222222,22.919846153846155,20.46875,13.686333333333332,8.783
23.911338333333333,65.63546333333333,3,26.74,6903008,26.31,23.755,23.444,20.890900000000002,13.501266666666666,8.94
23.728,65.555795,3,26.98,6903008,26.317,23.417166666666667,22.733384615384615,20.9558,13.852428571428572,8.9
23.62945833333333,65.46351166666666,3,27.32,6903008,26.294,23.896,22.97981818181818,20.167,13.794565217391304,9.037
23.520191666666665,65.40503333333334,3,27.4,6903008,26.362,23.193583333333336,22.90890909090909,20.676750000000002,14.033272727272728,8.811
23.42998,65.35004833333333,3,27.1,6903008,26.401,24.113666666666667,22.958,20.657,13.845894736842105,8.825
23.3844,65.28727666666667,3,26.52,6903008,26.086,24.011,23.505692307692307,20.967428571428574,13.931315789473684,8.798
23.388158333333333,65.23829,3,26.74,6903008,26.732,23.929785714285714,22.975,20.806,13.785200000000001,8.877
23.471118333333333,65.219215,3,27.04,6903008,26.754,24.6933,22.718818181818182,20.047888888888888,13.488666666666665,8.937
23.58882833333333,65.23756833333333,3,27.16,6903008,26.067,23.941625000000002,23.081666666666667,19.422,13.739888888888888,9.101
23.668535,65.27247833333334,4,27.19,6903008,25.979,23.50707142857143,23.1534,19.443636363636365,13.650761904761904,9.0
23.741378333333333,65.28082166666667,4,26.73,6903008,26.274,23.636166666666664,23.04811111111111,19.1022,13.992578947368422,8.949
23.750161666666667,65.34722833333333,4,26.83,6903008,25.993,22.969,22.989272727272727,19.249,14.120142857142856,8.867
23.67464,65.416375,4,27.42,6903008,26.203,23.144545454545455,22.843,19.2954,14.009090909090908,8.935
23.540525,65.46323833333334,4,27.12,6903008,26.139,24.02723076923077,23.340214285714286,19.480727272727275,13.860142857142858,8.88
23.36251833333333,65.43150833333333,4,27.0,6903008,26.379,24.156333333333333,23.1546,19.923,13.727681818181818,8.948
23.494921666666663,63.74460666666667,1,26.31,6903046,25.519,25.43958333333333,22.581999999999997,19.3292,13.326529411764707,9.026
23.508503333333334,63.70814166666667,1,25.98,6903046,25.387,25.376272727272728,22.45422222222222,19.237666666666666,13.321818181818182,8.99
23.53692,63.67570333333333,1,25.71,6903046,25.125,25.134,22.2017,18.93176923076923,13.357181818181818,9.185
23.58169833333333,63.64046833333333,1,25.4,6903046,24.997,24.961,22.687,18.828333333333333,13.473333333333333,9.183
23.59316,63.59867,1,25.39,6903046,25.214,24.975,22.237615384615385,19.455,13.396714285714285,9.032
23.595416666666665,63.59681833333333,1,25.28,6903046,24.986,24.7736,22.806285714285714,19.525750000000002,13.284888888888888,9.067
23.581496666666663,63.598063333333336,1,24.96,6903046,24.582,24.586,22.92753846153846,19.494,13.389000000000001,8.947
23.57397333333333,63.55932,1,24.6,6903046,24.331,24.371,22.91133333333333,19.223636363636363,13.389782608695652,9.099
23.53980333333333,63.49906833333333,1,24.57,6903046,24.191,24.156,22.37975,19.204,13.231142857142856,9.129
23.518055,63.44410333333333,1,24.63,6903046,24.242,24.226,21.971,19.045333333333335,13.28,9.081
23.518228333333333,63.3743,1,24.49,6903046,24.109,24.118222222222222,23.212833333333332,18.706,13.408090909090909,9.072
23.501541666666668,63.305795,1,24.3,6903046,23.696,23.70618181818182,23.05033333333333,18.769133333333333,13.519571428571428,9.103
23.494406666666663,63.270138333333335,1,24.18,6903046,23.622,23.661454545454546,23.448083333333333,18.557,13.285882352941176,8.927
23.48244833333333,63.219321666666666,1,24.02,6903046,23.216,23.305,23.436666666666664,18.736333333333334,13.339625,8.966
23.44501,63.190555,1,23.78,6903046,23.534,23.41583333333333,23.431,18.753,13.403333333333334,9.022
23.40155,63.123655,1,23.68,6903046,23.484,23.449125000000002,23.3644,18.921916666666668,13.165238095238095,8.993
23.41605833333333,63.00900666666666,2,23.82,6903046,23.65,23.24427272727273,23.1951,18.2665,13.160705882352941,8.96
23.383065,62.91988,2,23.86,6903046,23.543,23.335,23.327583333333333,18.436153846153847,13.388772727272727,8.954
23.35360333333333,62.85737666666667,2,23.79,6903046,23.449,23.299,23.082666666666665,19.17125,13.240315789473684,8.962
23.33778,62.825831666666666,2,24.17,6903046,23.687,23.27,22.89,19.935,13.452736842105264,8.934
23.326161666666668,62.80131166666666,2,24.14,6903046,23.604,23.438,22.978666666666665,19.69333333333333,13.2925,8.955
23.332266666666666,62.75718166666667,2,23.99,6903046,23.772,23.362125,22.829,19.408199999999997,13.064909090909092,8.8
23.34854,62.71763666666666,2,24.22,6903046,23.927,23.310454545454544,22.8425,19.26472727272727,13.123625,9.008
23.350836666666662,62.66826833333333,2,24.93,6903046,24.086,23.275916666666667,22.342,19.609,13.195571428571428,8.966
23.357893333333333,62.61003333333333,2,25.01,6903046,24.285,23.051,21.723,19.352,13.1784,8.996
23.378141666666668,62.53584166666667,2,24.58,6903046,24.074,23.27883333333333,21.604499999999998,19.56692307692308,13.402,8.948
23.386185,62.47060833333333,2,24.29,6903046,24.097,22.963,21.581153846153846,19.611666666666665,13.213894736842105,9.02
23.378623333333334,62.44566833333333,2,24.47,6903046,24.378,22.84,21.69863636363636,19.400727272727273,13.15365,8.975
23.363051666666667,62.439135,2,24.69,6903046,24.487,23.33381818181818,22.170076923076923,18.568818181818184,13.148347826086956,8.96
23.325015,62.46409,2,24.85,6903046,24.723,23.279500000000002,22.959,19.702363636363636,13.188190476190476,8.971
23.382203333333333,62.53323,3,25.13,6903046,24.529,23.325066666666668,22.517,20.089299999999998,13.210285714285714,8.903
23.505071666666662,62.59854833333333,3,25.51,6903046,24.753,23.568,23.087500000000002,19.291,13.2318,8.864
23.713406666666668,62.61761333333333,3,26.31,6903046,25.08,23.204,22.722166666666666,19.281,13.070285714285715,8.869
23.961716666666668,62.49867666666667,3,26.12,6903046,25.55,23.437,23.090090909090907,19.894,13.187285714285714,8.819
24.138436666666667,62.30766166666667,3,26.48,6903046,25.864,23.469,22.65,19.001666666666665,13.239749999999999,8.83
24.24472,62.14143333333333,3,26.54,6903046,26.11,23.321307692307695,23.09411111111111,19.33025,13.244217391304348,9.098
24.339701666666667,62.00852,3,26.5,6903046,26.132,23.573,22.954777777777778,19.625,13.446,9.021
24.43585333333333,61.89832,3,26.31,6903046,25.948,23.40211111111111,23.002636363636363,19.244,13.254999999999999,8.975
22.42655,60.21508333333333,1,26.17,6903058,25.629,25.66433333333333,23.148153846153846,19.160666666666668,13.602894736842105,10.709
16.36201,60.08661833333333,3,27.54,6903058,27.136,24.63253846153846,23.166555555555558,17.343,12.796,10.479
16.381296666666668,60.17025666666667,3,28.0,6903058,27.553,24.606545454545454,23.041333333333334,17.817363636363638,13.1137,10.521
16.439216666666667,60.237285,3,27.8,6903058,27.81,24.485166666666665,22.306926365795725,17.389555555555557,13.235666666666667,10.576
16.490361666666665,60.292615,3,27.42,6903058,27.385,24.6684,22.656,17.4756,13.121285714285714,10.689
16.519228333333334,60.32341666666667,3,27.39,6903058,27.497,24.598285714285712,22.414833333333334,17.764545454545452,12.787090909090908,10.322
16.531591666666667,60.342088333333336,3,27.67,6903058,28.103,24.5555,23.0704,17.54,12.895095238095239,10.666
16.567796666666666,60.37476333333333,3,28.16,6903058,28.293,24.721,23.48525,17.981,12.744260869565217,10.816
16.596598333333333,60.35858666666667,3,28.31,6903058,28.349,24.70475,23.028,17.5554,12.815727272727273,10.644
16.590451666666667,60.389678333333336,4,28.9,6903058,28.263,24.73,22.868538461538463,16.9982,12.742,10.556
16.549686666666666,60.40710833333333,4,28.74,6903058,28.397,24.7955,23.9055,17.449666666666666,12.699608695652174,10.655
16.490875,60.41274166666667,4,29.26,6903058,28.951,24.9072,23.810111111111112,17.284375,12.720347826086957,10.459
16.41970166666667,60.40822,4,29.26,6903058,28.711,24.424,23.935333333333332,17.23177777777778,12.949,10.985
16.304653333333334,60.37331,4,29.34,6903058,29.01,24.575,24.221,17.494916666666665,12.831363636363637,10.887
16.254748333333332,60.33036666666667,4,29.39,6903058,28.994,24.6805,23.341583333333332,17.850375,12.8190625,10.947
16.158595,60.31618,4,29.79,6903058,29.208,24.5885,22.8294,17.907083333333333,12.503105263157895,10.481
16.099325,60.273485,4,30.1,6903058,29.859,24.8756,22.8748,17.872272727272726,12.573190476190476,10.816
15.995065,60.23631666666667,4,30.21,6903058,30.087,25.347666666666665,24.16091666666667,17.8955,12.372736842105263,10.68
15.956146666666667,60.194155,4,30.46,6903058,30.445,24.798384615384617,24.157666666666668,18.044785714285716,12.7232,10.495
15.887561666666668,60.26134833333333,4,30.64,6903058,30.411,24.724285714285713,22.308,17.81581818181818,12.73525,10.795
15.81161,60.25262166666667,4,30.65,6903058,30.521,24.923636363636362,23.904999999999998,17.862599999999997,12.716,10.648
15.739595,60.21859333333333,4,30.56,6903058,30.256,25.293923076923075,23.48357142857143,17.772,12.4235,10.238
15.670865,60.22372166666667,4,30.2,6903058,30.147,24.9832,23.464375,17.568272727272728,11.831,10.26
15.600326666666666,60.22856333333333,4,29.85,6903058,30.265,25.263272727272724,23.336,17.134,12.18,10.589
15.51185,60.24371833333333,5,29.92,6903058,30.142,25.049666666666667,23.6974,17.445333333333334,12.31575,10.595
15.418375,60.265748333333335,5,30.16,6903058,30.51,24.82,21.851000000000003,17.447090909090907,12.094842105263158,10.677
15.363016666666669,60.24841833333333,5,29.97,6903058,30.361,24.897,21.660272727272726,17.343333333333334,12.37955,10.601
15.323045,60.26604,5,30.55,6903058,30.755,24.656666666666666,22.506750000000004,17.251900000000003,12.448473684210526,10.217
15.314845,60.225525,5,30.62,6903058,30.919,24.7878,22.858999999999998,17.854,12.45535,10.621
15.331363333333334,60.17583833333333,5,31.16,6903058,31.207,24.989727272727272,23.219,18.022416666666665,12.519857142857143,10.66
15.31644,60.14709666666667,5,31.65,6903058,31.041,24.78966666666667,23.587,17.968166666666665,12.485894736842106,10.635
15.36795,60.12368833333333,5,31.4,6903058,31.134,24.983454545454546,23.377000000000002,17.745,12.568842105263156,10.81
15.420696666666666,60.09258666666667,5,31.4,6903058,31.407,24.682153846153845,22.328272727272726,17.35925,12.501157894736842,10.676
15.462545,60.07761166666667,5,31.56,6903058,31.459,25.020545454545456,22.749,17.3859,12.51590909090909,10.572
15.506168333333331,60.07184166666666,5,31.66,6903058,31.216,24.886363636363637,23.1654,17.5106,12.480450000000001,10.738
15.544983333333333,60.07339,5,31.61,6903058,31.565,25.1693,23.739,17.5462,12.64395,10.859
15.594558333333334,60.094335,5,31.56,6903058,31.356,25.80209090909091,23.458000000000002,17.9363,12.615904761904762,10.75
15.67437,60.12406333333333,5,31.49,6903058,31.241,26.373,23.5478,17.778000000000002,12.41442105263158,10.547
15.736821666666666,60.167496666666665,5,31.38,6903058,31.215,26.108555555555558,22.749307692307692,17.725272727272728,12.46063157894737,10.904
15.798601666666666,60.241443333333336,5,31.52,6903058,31.499,26.079,23.715076923076925,17.779833333333332,12.533499999999998,10.618
15.861418333333331,60.33596166666667,6,31.67,6903058,31.45,27.162,24.07,17.744,12.438571428571429,10.87
15.936391666666667,60.43722833333333,6,31.47,6903058,31.414,26.10742857142857,23.645,18.363,12.610857142857142,11.019
15.993893333333334,60.55506666666667,6,31.28,6903058,31.38,26.424666666666667,23.967444444444443,17.9819,12.446333333333333,10.533
16.028368333333333,60.66714666666667,6,31.24,6903058,31.209,26.96333333333333,24.14857142857143,17.8358,12.581565217391304,10.487
16.050643333333333,60.755805,6,30.85,6903058,30.916,27.275222222222222,23.686600000000002,17.949545454545454,12.512631578947369,10.571
16.058791666666668,60.857911666666666,6,30.59,6903058,30.503,26.3954,23.277,17.898416666666666,12.70957894736842,10.63
16.059595,60.97145,6,29.8,6903058,29.819,26.7603,23.515538461538462,17.914,12.540058823529412,11.073
16.073293333333332,61.09872166666667,6,29.65,6903058,29.523,29.276,23.530384615384616,17.93266666666667,12.663888888888888,10.736
16.076035,61.19720333333333,6,29.37,6903058,29.396,28.341,22.856,17.8068,12.646473684210525,10.828
16.053038333333333,61.26963,6,29.56,6903058,29.382,27.285,22.64926666666667,17.828923076923076,12.546894736842106,10.826
16.008198333333333,61.32283,6,29.37,6903058,29.296,25.331444444444443,21.6708,17.445800000000002,12.549,10.726
15.948031666666669,61.368615,6,28.99,6903058,29.056,28.9849,22.5586,17.71069230769231,12.6018,11.041
15.874751666666668,61.41477833333333,6,28.73,6903058,28.766,28.766000000000002,22.93342857142857,17.775,12.582625,10.626
15.806438333333332,61.456805,6,28.53,6903058,28.667,28.6821,23.4998,17.94690909090909,12.4864,10.718
15.739381666666668,61.50776166666667,6,28.09,6903058,28.336,28.353,23.358,17.521625,12.54342105263158,10.479
15.663966666666669,61.56110666666667,7,27.98,6903058,28.207,28.2054,23.507,17.775666666666666,12.524894736842105,10.569
15.572848333333331,61.61401,7,27.89,6903058,27.983,28.005,23.396733333333334,17.486500000000003,12.5024,10.645
15.494731666666668,61.66794,7,27.49,6903058,27.573,27.5849,23.178,17.229666666666667,12.437625,10.62
15.411985,61.72573666666667,7,26.94,6903058,24.379,24.379,22.7123,16.7365,12.3415,10.713
15.337763333333331,61.77643333333333,7,27.12,6903058,27.234,27.154,22.3005,17.188000000000002,12.411315789473685,10.437
15.270631666666668,61.808935,7,27.46,6903058,27.36,26.4372,22.339799999999997,17.408076923076923,12.4716,10.458
15.218281666666666,61.80909666666667,7,27.17,6903058,27.218,26.5268,22.499466666666667,17.40975,12.333285714285713,10.564
15.142891666666667,61.79772833333333,7,27.06,6903058,27.056,27.011923076923075,22.605083333333337,17.864272727272727,12.436523809523809,10.352
15.066006666666668,61.80070666666667,7,26.72,6903058,27.08,27.053692307692305,23.0017,17.012777777777778,12.4229,10.375
15.029095,61.772235,7,26.73,6903058,26.992,27.005,22.833111111111112,17.365000000000002,12.327,10.305
14.976405,61.754176666666666,7,26.56,6903058,26.638,26.653,23.04911111111111,16.9096,12.084312500000001,10.187
14.931823333333334,61.73446333333333,7,26.44,6903058,26.558,26.568,23.493153846153845,17.302,12.343,10.046
14.895255,61.71986666666667,7,26.3,6903058,26.633,26.6005,22.8842,17.611923076923077,12.255058823529412,10.487
14.83392,61.69088166666667,7,26.25,6903058,26.554,26.555833333333332,23.481833333333334,17.70922222222222,12.447000000000001,10.208
14.788636666666669,61.66236833333333,7,26.01,6903058,26.505,26.490599999999997,24.25281818181818,17.756,12.389,10.186
14.732261666666666,61.61091666666667,8,26.36,6903058,26.324,26.299272727272726,22.967,17.709444444444443,12.506578947368421,10.3
14.676611666666666,61.55418333333333,8,26.33,6903058,26.292,26.297142857142855,25.141636363636362,17.748800000000003,12.411857142857142,10.036
14.66295,61.53069,8,26.06,6903058,26.373,26.369,26.2892,17.8702,12.433157894736842,10.139
14.632048333333334,61.50668833333334,8,25.97,6903058,26.385,26.381,23.40907142857143,17.688499999999998,12.537894736842105,10.142
14.608986666666668,61.48123666666667,8,26.22,6903058,26.534,26.391099999999998,25.0134,17.852,12.407666666666668,10.261
14.581505,61.438743333333335,8,26.6,6903058,26.619,26.3213,23.542583333333333,17.296833333333332,12.500454545454545,10.139
14.558883333333334,61.40629666666667,8,26.8,6903058,26.786,26.651249999999997,23.151999999999997,17.74790909090909,12.4455,10.09
14.557305,61.37683666666667,8,26.88,6903058,26.828,26.685615384615385,22.92375,17.778545454545455,12.50375,10.117
14.538186666666666,61.34628333333333,8,27.04,6903058,27.065,26.55806666666667,24.727999999999998,17.829,12.485700000000001,10.338
14.51498,61.33551666666666,8,27.03,6903058,27.118,26.636555555555557,25.013,18.014363636363637,12.507571428571428,10.547
14.477391666666666,61.32505333333334,8,27.27,6903058,27.369,26.363,23.734285714285715,17.46475,12.642090909090909,10.594
14.458038333333333,61.29462,8,27.31,6903058,27.497,25.9366,23.0975,17.74275,12.614736842105263,10.47
14.410706666666666,61.283948333333335,8,27.02,6903058,26.786,25.974,23.768,18.254,12.629666666666667,10.383
14.344931666666668,61.25595833333333,8,26.65,6903058,26.478,26.365333333333336,24.959,18.160700000000002,12.637,10.417
14.279833333333332,61.23924333333333,8,26.24,6903058,26.555,25.364,24.4018,17.567545454545453,12.594800000000001,10.29
14.209806666666667,61.26231666666666,8,26.52,6903058,26.935,25.144,24.398,17.694,12.636368421052632,10.43
14.157228333333334,61.334075,9,26.66,6903058,26.933,25.337,24.499000000000002,17.88,12.6995,10.111
14.129401666666666,61.40464166666667,9,26.75,6903058,27.155,25.706999999999997,24.520636363636363,18.645555555555557,12.713,10.612
14.089431666666666,61.47747666666667,9,26.96,6903058,27.146,26.949399999999997,24.730222222222224,18.984555555555556,12.574,10.425
14.04018,61.53515,9,27.07,6903058,27.36,26.814,25.07,18.521272727272727,12.634619047619047,10.474
13.955085,61.58528166666667,9,27.18,6903058,27.286,26.909090909090907,24.9567,18.896,12.643,10.508
13.856431666666667,61.629758333333335,9,27.12,6903058,27.185,27.085,25.189923076923076,19.492,12.733,10.543
13.736526666666666,61.64556833333333,9,27.23,6903058,27.158,27.045727272727273,25.2686,19.111,12.526666666666666,10.542
13.594305,61.65206,9,26.97,6903058,27.077,27.03272727272727,25.429583333333333,19.60953846153846,12.650526315789474,10.578
13.477171666666669,61.65420666666667,9,26.91,6903058,27.118,26.813181818181818,25.267200000000003,19.604,12.424249999999999,10.545
13.361916666666666,61.63099,9,26.89,6903058,26.936,26.441666666666666,25.0605,19.807444444444442,12.383875,10.321
13.230551666666669,61.582951666666666,9,27.15,6903058,27.158,26.7838,25.785818181818183,20.3925,12.5825,10.29
13.098188333333333,61.505165,9,27.48,6903058,27.686,26.53253846153846,25.62066666666667,20.462,12.61275,10.393
12.95042,61.45519333333333,9,27.87,6903058,27.996,26.654769230769233,25.801299999999998,19.259,12.5279375,10.365
12.828751666666667,61.40206666666667,9,27.97,6903058,28.064,27.19690909090909,25.28169230769231,19.148083333333332,12.51822222222222,10.384
12.738718333333331,61.35486,9,28.12,6903058,28.039,26.224,24.468,18.595,12.576666666666666,10.128
12.663473333333334,61.33020666666667,10,28.06,6903058,28.373,26.544538461538462,24.36469230769231,18.474,12.471,10.259
12.620285,61.28247,10,28.26,6903058,28.373,26.034375,24.171599999999998,18.21875,12.236105263157896,10.123
12.581446666666666,61.22396333333333,10,28.38,6903058,28.471,26.486666666666668,25.531363636363636,17.7638,12.29078947368421,10.08
12.566848333333333,61.153416666666665,10,28.8,6903058,29.242,28.735,26.529555555555557,18.717499999999998,12.338571428571429,10.064
12.54573,61.049975,10,29.19,6903058,29.58,28.673454545454543,27.147,18.26075,12.400333333333334,10.0
12.538963333333331,60.95411166666667,10,29.13,6903058,29.646,28.679000000000002,26.985090909090907,18.130181818181818,12.2586,10.083
12.55253,60.849176666666665,10,29.16,6903058,29.44,28.789727272727273,26.58325,18.1244,11.914318181818182,10.063
12.615735,60.74660166666666,10,29.16,6903058,29.629,27.246,26.863545454545456,17.9806,12.101590909090909,10.117
12.6642,60.66849666666667,10,28.91,6903058,29.455,27.038583333333335,26.501,18.016,12.293000000000001,9.862
12.689365,60.57935333333333,10,28.73,6903058,29.01,28.25409090909091,26.856,18.20906666666667,12.312142857142856,9.955
12.805486666666669,60.39946833333333,10,28.63,6903058,28.872,27.499,26.696153846153845,17.981333333333335,12.150315789473686,9.786
12.889743333333334,60.24133,10,28.59,6903058,28.986,26.59888888888889,26.412363636363636,18.251,12.291619047619047,10.098
12.941478333333333,60.08608666666667,10,28.43,6903058,28.918,27.466818181818184,26.434636363636365,18.671555555555557,12.35142857142857,10.188
22.15325333333333,63.95585166666667,1,26.29,6903059,25.59,25.636857142857142,22.100727272727273,18.926,12.89690909090909,10.394
22.18896,63.90412166666667,1,25.94,6903059,25.381,25.402,22.394,19.137454545454545,13.023666666666667,10.7
22.222895,63.851018333333336,1,25.57,6903059,25.02,25.024,22.14275,19.036,13.057142857142857,10.664
22.236425,63.79619,1,25.33,6903059,24.925,24.81453846153846,22.591,18.752222222222223,13.22345,10.769
22.237311666666667,63.717405,1,25.45,6903059,25.054,24.908,22.976181818181818,18.761,13.414181818181818,10.78
22.222756666666665,63.62802,1,25.13,6903059,24.991,25.0079,22.4956,18.684,13.341857142857142,10.582
22.17483333333333,63.530565,1,24.84,6903059,24.604,24.615,23.0488,18.7105,13.306947368421053,10.416
22.113251666666667,63.459833333333336,1,24.98,6903059,24.52,24.54,23.704,18.232181818181818,13.2303,10.872
22.04819,63.43513166666666,1,24.95,6903059,24.641,24.51109090909091,24.5125,18.257333333333335,13.249583333333334,10.595
21.964296666666662,63.46411333333333,1,24.94,6903059,24.378,24.337,24.342181818181817,18.5235,13.0404,10.684
21.891706666666668,63.53301833333333,1,24.75,6903059,24.296,24.263545454545454,24.198666666666668,18.522000000000002,13.200454545454546,10.647
21.83144,63.641063333333335,1,24.57,6903059,24.071,24.086181818181817,24.05481818181818,18.256416666666667,13.380764705882353,10.885
21.752615,63.82255833333333,1,24.32,6903059,23.836,23.872,23.6317,18.46216666666667,13.24542857142857,10.367
21.711738333333333,64.076705,1,24.02,6903059,23.795,23.6756,22.682,18.816333333333336,13.228818181818182,10.702
21.69461833333333,64.28735666666667,1,23.81,6903059,23.715,23.7035,21.254499999999997,18.622,13.226666666666667,10.953
21.679005,64.45275333333333,2,23.82,6903059,23.405,23.391090909090906,21.949384615384616,18.75281818181818,13.066666666666666,10.458
21.66185,64.59305333333333,2,23.9,6903059,23.533,23.600083333333334,21.7555,18.869071428571427,13.041,10.66
21.620246666666667,64.72609333333334,2,24.02,6903059,23.894,23.401,20.534,18.535,12.9195,10.524
21.5881,64.86024,2,24.17,6903059,23.89,23.289727272727273,18.842200000000002,18.307,12.9282,10.483
21.58453833333333,64.97217166666667,2,24.58,6903059,24.151,23.3564,19.128,18.23,12.902473684210527,11.311
21.616208333333333,65.04451666666667,2,24.3,6903059,24.055,23.32490909090909,19.936454545454545,18.51025,12.891142857142858,10.739
21.663071666666667,65.06189166666667,2,24.43,6903059,24.106,23.377,21.245774193548385,18.387,13.113727272727273,10.201
21.708096666666663,65.04938333333334,2,24.55,6903059,24.464,23.460272727272727,21.1635,18.3841,12.77442857142857,10.477
21.772831666666665,65.03674,2,24.95,6903059,24.789,23.645,22.018555555555555,18.7987,12.80709090909091,10.684
21.83346,65.01040833333333,2,25.32,6903059,24.933,23.584500000000002,22.000555555555557,18.646,12.880374999999999,10.658
21.904695,64.96650166666667,2,24.89,6903059,24.637,23.430799999999998,21.642,18.599333333333334,12.976,10.431
21.95895833333333,64.90528666666667,2,24.99,6903059,24.703,23.677,21.743333333333336,18.5495,13.033857142857142,10.671
21.98374,64.82822166666666,2,25.5,6903059,25.163,23.580818181818184,22.25718181818182,18.772777777777776,13.025666666666666,10.326
22.011771666666668,64.72961833333333,2,25.39,6903059,25.683,23.516399999999997,22.004166666666666,18.515714285714285,13.070500000000001,10.428
21.975545,64.63537833333334,3,25.76,6903059,25.334,23.4568,22.26688888888889,18.42284615384615,12.974333333333334,10.345
21.870005,64.53858666666666,3,25.66,6903059,25.812,23.493000000000002,21.2282,18.063866666666666,13.117285714285714,10.413
21.688143333333333,64.49652666666667,3,26.03,6903059,25.762,23.533,22.630333333333333,18.528666666666666,13.053374999999999,10.18
21.49980833333333,64.63565166666666,3,26.28,6903059,26.137,23.417333333333335,21.159,18.19966666666667,12.944157894736843,10.546
21.50585333333333,64.80446,3,26.47,6903059,26.409,23.42877777777778,20.459,18.530666666666665,12.908000000000001,10.648
21.594736666666662,64.84072833333333,3,26.63,6903059,26.204,23.487,21.922818181818183,18.447545454545455,13.073545454545455,10.568
21.72873833333333,64.730815,3,26.92,6903059,26.487,23.81046153846154,22.816454545454548,18.755538461538464,12.941222222222223,10.533
21.7431,64.50413833333333,3,27.0,6903059,26.656,23.3356,22.368,18.502499999999998,13.03142857142857,9.968
21.550463333333333,64.38405333333333,3,27.32,6903059,26.845,23.751454545454546,22.996,18.7244,12.907285714285713,10.514
21.359356666666667,64.51931833333333,3,27.47,6903059,27.296,23.424454545454545,22.4523,18.84275,13.099333333333334,10.287
21.34819333333333,64.65364666666666,3,27.21,6903059,26.813,23.4924,21.892222222222223,18.531444444444446,12.861666666666668,10.176
21.40027,64.70376833333333,3,26.58,6903059,26.672,23.410272727272726,19.7998,18.259222222222224,12.9276875,10.56
21.442491666666665,64.683605,3,26.71,6903059,26.408,23.43618181818182,20.806333333333335,18.36927272727273,13.021941176470587,10.611
21.507575,64.534825,3,27.54,6903059,26.747,23.818399999999997,22.7698,18.556,13.043222222222223,10.546
21.444008333333333,64.29873833333333,3,27.48,6903059,27.004,23.385,23.165444444444443,18.958,12.991875,10.343
21.229211666666668,64.265315,3,27.92,6903059,27.18,23.369727272727275,23.305799999999998,19.07109090909091,13.05,10.48
21.106691666666663,64.47222,4,27.75,6903059,26.921,23.086666666666666,23.240363636363636,18.920499999999997,12.92759090909091,10.104
21.143186666666665,64.64796833333334,4,27.73,6903059,27.224,23.008,21.436818181818182,18.566599999999998,13.011800000000001,10.054
21.209316666666663,64.73849333333334,4,28.29,6903059,27.126,22.6939,22.281625000000002,18.61418181818182,12.943476190476192,10.072
21.280908333333333,64.76497833333333,4,28.63,6903059,27.95,23.64172727272727,22.643272727272727,18.359166666666667,13.017058823529412,10.362
21.353206666666665,64.74328833333334,4,28.56,6903059,27.902,24.106555555555556,22.951999999999998,18.683699999999998,13.027105263157894,10.14
21.43449333333333,64.65341333333333,4,28.2,6903059,28.002,24.357,22.17977777777778,18.946,12.9661,10.295
21.35458333333333,64.44545833333333,4,28.46,6903059,28.122,23.555,22.252399999999998,18.717,12.757842105263158,10.23
21.268981666666665,64.55497166666666,4,28.55,6903059,28.28,23.91166666666667,21.698545454545453,18.6904,12.692826086956522,10.232
21.360805,64.73216333333333,4,28.98,6903059,28.69,23.199857142857145,22.4854,18.639555555555557,12.729333333333333,10.311
21.51050833333333,64.76298666666666,4,29.08,6903059,28.872,23.511,22.23323076923077,18.617,12.986,10.488
21.544526666666663,64.57319166666667,4,29.05,6903059,28.641,23.708625,21.786636363636365,18.696416666666668,12.859227272727273,10.262
21.386,64.67292166666667,4,29.35,6903059,28.679,23.803500000000003,22.287636363636363,18.993499999999997,12.6152,10.354
21.508558333333333,64.854335,4,29.28,6903059,29.069,23.502000000000002,22.327636363636366,18.6256,12.936333333333334,10.289
21.62666,64.88638333333333,4,29.22,6903059,28.807,24.33658333333333,22.04,18.668625000000002,13.0504375,10.228
21.66870833333333,64.81773166666666,4,29.11,6903059,28.922,24.024,22.902,18.775583333333334,12.871904761904762,10.339
21.525051666666663,64.87249666666666,5,29.21,6903059,29.124,23.597,22.512272727272727,18.778714285714287,12.393625,10.056
21.674758333333333,65.12710666666666,5,29.08,6903059,29.486,23.792199999999998,21.9855,18.66746153846154,12.77190909090909,10.415
21.822331666666667,65.074605,5,29.62,6903059,29.688,23.979636363636363,21.258399999999998,18.512,12.942333333333332,10.579
21.73705333333333,65.121595,5,29.25,6903059,29.312,24.431666666666665,22.544272727272727,18.716,12.87657894736842,10.276
21.888471666666668,65.36848666666667,5,29.9,6903059,29.844,24.189,21.86616666666667,18.58877777777778,12.6112,10.7
22.07471333333333,65.318445,5,30.45,6903059,29.917,24.2352,22.16,18.597333333333335,12.876285714285714,10.604
22.01261333333333,65.22176833333333,5,30.09,6903059,29.868,24.5744,22.527,18.79722222222222,12.767833333333334,10.277
21.94614,65.39746166666667,5,29.68,6903059,29.796,24.2759,22.113166666666668,18.565,12.805434782608696,10.27
22.08584,65.52089833333334,5,29.87,6903059,29.919,24.929875000000003,22.025111111111112,18.60242857142857,12.8148,10.265
22.273886666666662,65.46074666666667,5,30.04,6903059,29.977,26.01375,22.14175,18.5735,12.8931,10.638
22.33086833333333,65.29540166666666,5,30.04,6903059,29.723,24.66225,22.398666666666667,18.69,13.072000000000001,10.374
22.296735,65.21006333333334,5,30.08,6903059,29.746,24.827,22.83627272727273,18.721923076923076,12.869571428571428,10.248
22.20767,65.23671,5,29.72,6903059,29.621,25.353,22.981666666666666,18.54653846153846,12.971739130434782,10.558
22.226075,65.372725,5,29.88,6903059,29.542,26.261,22.6506,18.674714285714288,12.876,10.701
22.362025,65.42541833333334,5,30.04,6903059,29.91,25.007,21.973,18.560000000000002,12.97236842105263,10.608
22.534395,65.359575,6,30.08,6903059,29.82,25.57133333333333,22.75,18.50777777777778,13.027636363636363,10.346
22.652276666666666,65.23107666666667,6,30.21,6903059,30.025,24.297666666666665,22.3848,18.65835714285714,13.1125,10.426
22.685536666666668,65.09071166666666,6,29.93,6903059,29.937,24.213,22.2695,18.661571428571428,13.087333333333333,10.558
22.60490666666667,65.01950166666667,6,29.55,6903059,30.01,24.499,22.53690909090909,18.74675,12.6997,10.501
22.522646666666667,65.16775333333334,6,29.49,6903059,30.272,24.5322,22.3552,18.871416666666665,12.630666666666666,10.278
22.683821666666667,65.17677666666667,6,30.22,6903059,30.59,26.406000000000002,22.5878,18.784333333333333,12.9034,10.451
22.720631666666662,65.00791,6,30.79,6903059,29.994,25.143,22.72,18.831846153846154,12.822666666666667,10.593
22.581506666666662,65.00263,6,30.06,6903059,29.519,24.123615384615384,22.545818181818184,19.155,12.693000000000001,10.408
22.59117833333333,65.106415,6,29.9,6903059,29.832,25.9105,23.125,18.816000000000003,12.852470588235294,10.621
22.740726666666667,65.148905,6,30.05,6903059,30.112,25.163,22.4738,18.691,12.9075,10.677
22.838095,65.087855,6,30.17,6903059,29.976,24.36718181818182,22.947,18.74081818181818,12.927052631578947,10.632
22.829965,64.980925,6,30.44,6903059,30.533,24.323928571428574,23.1892,19.761888888888887,12.991565217391303,10.82
22.686791666666668,64.95810333333333,6,30.48,6903059,30.309,24.054538461538463,22.951444444444444,19.77653846153846,12.694238095238095,10.42
22.64235833333333,65.08826,6,30.52,6903059,30.434,24.012818181818183,23.177777777777777,19.741555555555554,12.605714285714287,10.621
22.73616833333333,65.05802166666666,6,30.52,6903059,30.429,23.904,22.886,18.876142857142856,12.839818181818183,10.334
22.658241666666665,64.83057833333334,7,30.11,6903059,30.595,24.049333333333333,23.040666666666667,18.650555555555556,12.734714285714286,10.331
22.507023333333333,64.85613333333333,7,30.57,6903059,30.852,24.072,22.955909090909092,19.328666666666667,12.536666666666665,10.389
22.543776666666663,64.931955,7,30.24,6903059,30.0,24.163083333333333,22.471,18.71446153846154,12.666857142857141,10.183
22.611545,64.82924666666666,7,30.11,6903059,23.625,23.345,21.76518181818182,18.769111111111112,12.776904761904762,10.463
22.56707,64.568415,7,30.18,6903059,30.205,24.11111111111111,22.5605,18.64246153846154,12.5504,10.362
22.390721666666668,64.57958333333333,7,29.74,6903059,29.781,24.077499999999997,22.272916666666667,18.647499999999997,12.569571428571427,10.269
22.446853333333333,64.58672666666666,7,29.79,6903059,29.569,24.224,21.609,18.714923076923075,12.7596,10.34
22.51133,64.34582,7,29.51,6903059,29.263,24.207666666666668,21.569916666666668,18.098384615384617,12.714619047619049,10.281
22.35583833333333,64.10001833333334,7,28.7,6903059,29.647,24.141,21.86,17.9505,12.823,9.996
22.180125,64.10625666666667,7,28.7,6903059,29.282,24.035,22.4701,18.14,12.76675,10.309
22.179076666666667,64.12340333333333,7,29.05,6903059,29.082,24.7893,22.557000000000002,18.28,12.7074,10.197
22.276035,63.99249666666667,7,28.24,6903059,29.535,24.875333333333334,23.068083333333334,19.025374999999997,12.592555555555556,10.512
22.265415,63.73117666666667,7,28.3,6903059,29.274,24.470833333333335,22.435636363636362,18.8188,12.7482,10.417
22.132328333333334,63.58680666666667,7,28.08,6903059,29.137,24.405272727272727,22.7848,18.21630769230769,12.558571428571428,10.14
21.959631666666667,63.59053,7,27.84,6903059,28.88,24.078888888888887,22.854636363636363,18.2645,12.584636363636363,10.272
21.886336666666665,63.65938,7,27.5,6903059,28.581,23.897,22.6265,18.090799999999998,12.569333333333333,10.308
21.90308,63.63868333333333,8,26.79,6903059,27.853,23.973499999999998,21.57318181818182,17.534857142857145,12.461,10.077
21.958755,63.463393333333336,8,27.07,6903059,27.775,23.692111111111114,22.04,17.70311111111111,12.583,10.354
21.84881333333333,63.25045,8,27.5,6903059,27.657,23.696785714285713,22.067243902439024,17.881,12.446571428571428,10.163
21.694625,63.16461,8,26.87,6903059,27.421,27.1756,22.45323076923077,17.86588888888889,12.440571428571428,10.173
21.569931666666665,63.09899833333333,8,26.96,6903059,27.382,25.358363636363638,22.65,18.1894,12.46725,10.51
21.474436666666666,63.02281,8,26.8,6903059,27.324,26.313555555555556,22.790545454545455,18.198866666666667,12.64947619047619,10.315
21.418225,62.98885666666666,8,26.75,6903059,27.137,27.002769230769232,22.2639,18.534875,12.7545,10.022
21.371955,62.96741333333333,8,26.86,6903059,27.12,25.774818181818183,22.508272727272725,18.25733333333333,12.7272,10.221
21.32806833333333,62.93965166666667,8,26.92,6903059,27.108,26.432555555555552,22.3248,18.396666666666665,12.654047619047619,10.094
21.310115,62.927978333333336,8,26.85,6903059,26.732,23.64333333333333,22.286583333333333,18.233500000000003,12.616904761904761,10.109
21.273075,62.898335,8,26.82,6903059,26.551,23.65588888888889,22.154818181818182,18.262333333333334,12.5741,10.038
21.240815,62.87923,8,26.52,6903059,26.453,23.60257142857143,21.97607142857143,18.107,12.735875,10.028
21.222493333333333,62.85006,8,25.76,6903059,26.395,23.5412,22.119,18.368733333333335,12.764000000000001,10.021
21.19551166666667,62.83378,8,26.04,6903059,26.705,23.977888888888888,22.321363636363635,18.459,12.772809523809524,10.068
21.147458333333333,62.81627666666667,8,26.26,6903059,26.852,23.689666666666668,22.268,18.653533333333332,12.698857142857143,10.111
21.09462,62.80982333333333,9,26.72,6903059,27.294,23.367769230769234,21.666,18.161666666666665,12.880666666666666,9.772
21.053878333333333,62.834226666666666,9,27.39,6903059,27.962,23.2607,21.56992307692308,17.906444444444443,12.793666666666667,9.986
21.01198,62.90211,9,27.42,6903059,27.883,23.236,21.6135,18.372799999999998,12.864818181818181,9.953
20.996915,62.963285,9,28.38,6903059,28.206,23.285700000000002,22.3,17.85211111111111,12.9168,9.781
21.007956666666665,63.032555,9,28.59,6903059,28.629,23.289199999999997,22.20827272727273,18.177,13.0184,9.925
21.043561666666665,63.067283333333336,9,28.74,6903059,28.923,23.348399999999998,21.813399999999998,18.5394,12.77,9.949
21.093145,63.08255,9,28.5,6903059,28.822,23.27809090909091,21.59766666666667,17.84409090909091,12.7084,9.824
21.170556666666663,63.048566666666666,9,28.41,6903059,27.952,23.016333333333332,21.345,17.741666666666667,12.56575,10.406
21.228518333333334,63.00899,9,28.81,6903059,29.059,22.871125,20.009166666666665,18.0638,12.648142857142856,10.101
21.293451666666662,62.942456666666665,9,28.92,6903059,28.871,23.058,20.502,18.649846153846156,12.6638,10.002
21.33075333333333,62.84251166666667,9,28.46,6903059,27.923,22.861636363636364,20.398538461538465,18.151699999999998,12.464954545454546,10.167
21.315606666666667,62.74191666666667,9,28.4,6903059,28.626,22.312,19.385,17.41242857142857,12.597333333333333,10.146
21.220256666666668,62.63242833333334,9,28.13,6903059,28.873,21.4986,18.7702,17.4516,12.457714285714285,10.263
21.09104,62.51618,9,28.5,6903059,28.966,21.709545454545452,19.771,17.351399999999998,12.50621052631579,9.941
20.937718333333333,62.4254,9,28.67,6903059,29.032,21.47390909090909,19.5323,17.3372,12.6286,10.259
20.780046666666667,62.33334,10,29.12,6903059,29.042,21.97,19.882,17.7956,12.536842105263156,10.099
20.645171666666663,62.22237833333333,10,29.19,6903059,29.374,21.107,19.772909090909092,17.80827272727273,12.617666666666667,10.549
20.502748333333333,62.120975,10,29.39,6903059,29.46,21.35669230769231,19.573272727272727,17.862866666666665,12.457058823529412,10.368
20.39531333333333,62.077195,10,29.01,6903059,29.248,22.1261,19.1895,17.589090909090906,12.54875,10.332
20.280081666666668,61.74154833333333,10,28.47,6903059,29.378,22.807,20.078400000000002,17.527,12.83011111111111,10.572
19.900065,60.64906833333333,10,29.58,6903059,29.308,22.904111111111114,19.4518,17.214846153846153,12.753333333333332,9.526
20.21854666666667,60.515141666666665,11,28.96,6903059,28.882,22.871,20.005666666666666,17.035363636363638,12.613857142857142,10.19
22.12721833333333,60.79190666666667,12,27.33,6903059,27.236,27.243214285714284,21.852,18.812,13.638764705882354,10.723
22.291253333333334,62.03472166666667,12,26.29,6903059,26.547,26.544214285714286,23.287444444444446,19.554333333333332,13.490571428571428,10.785
22.63264,60.00335666666667,1,24.98,6903060,24.678,24.713,22.21963636363636,20.034384615384617,13.482842105263156,10.64
22.61059333333333,60.377053333333336,1,24.9,6903060,24.395,24.479916666666664,21.9136,19.7956,13.451571428571429,10.617
22.9009,60.688921666666666,1,24.82,6903060,24.167,24.251666666666665,22.726777777777777,19.8361,13.374045454545454,10.659
23.374051666666663,60.70216166666667,1,24.74,6903060,24.196,24.174545454545456,22.682363636363636,19.984666666666666,13.827285714285715,10.727
23.760056666666667,60.38584166666666,1,24.74,6903060,24.302,24.326636363636364,22.664,20.998444444444445,13.652571428571429,10.746
23.885618333333333,60.028065,1,24.57,6903060,24.086,24.00390909090909,21.983,20.58788888888889,13.481181818181819,10.736
22.935583333333334,60.35369666666666,2,23.77,6903060,23.572,23.449363636363636,21.879,19.458555555555556,12.939315789473683,10.855
23.379155,60.54566166666667,2,23.82,6903060,23.645,23.482,22.770454545454545,19.41,13.807619047619049,11.0
23.899791666666665,60.46134833333333,2,23.76,6903060,23.682,23.474,23.378400000000003,19.631307692307693,13.8182,10.906
24.380873333333334,60.263263333333335,2,23.83,6903060,23.824,23.3325,23.020916666666665,19.926,13.6296,11.126
24.716856666666665,60.342285,2,23.97,6903060,23.523,23.1096,22.873777777777775,20.168333333333333,13.346695652173914,11.41
24.826841666666667,60.695605,2,23.61,6903060,23.61,23.27625,22.9064,19.9,13.940545454545454,11.338
24.662725,61.134971666666665,2,23.92,6903060,23.581,23.25,23.097,20.271,14.2125,11.087
24.243213333333333,61.48848,2,24.46,6903060,24.278,23.251,23.230900000000002,20.516,13.7692,11.058
23.882426666666667,61.81821166666667,2,24.84,6903060,23.643,23.371,23.177454545454545,20.021333333333335,13.8505625,10.75
23.85246,62.21828166666667,2,24.54,6903060,23.881,23.2555,23.110833333333336,20.014,13.151571428571428,10.535
24.159806666666668,62.42775833333334,2,24.23,6903060,23.767,23.392,23.03825,20.400699999999997,13.392199999999999,10.141
24.44231,62.30033333333333,2,24.09,6903060,23.7,23.368,23.002363636363636,20.174599999999998,13.651238095238096,10.536
24.43024833333333,62.024321666666665,2,24.12,6903060,24.209,23.232,23.0732,20.111533333333334,13.729285714285714,10.021
24.10321,61.79088166666666,2,24.37,6903060,24.298,23.250333333333334,23.134916666666665,20.566,13.317818181818183,10.414
23.482656666666667,61.833965,3,24.54,6903060,24.379,23.208,22.93181818181818,19.79484615384615,13.539684210526316,10.679
23.144061666666666,61.98267333333333,3,24.91,6903060,24.629,23.266666666666666,22.898500000000002,20.054111111111112,13.54775,10.738
22.946246666666667,62.017181666666666,3,25.97,6903060,25.237,23.35681818181818,23.089307692307692,21.089499999999997,13.28825,10.882
22.765141666666665,61.92536666666667,3,26.52,6903060,25.537,23.302999999999997,23.13,20.391000000000002,13.626545454545454,10.686
22.557011666666668,61.709716666666665,3,26.66,6903060,25.97,23.405818181818184,23.081153846153846,20.238307692307693,13.8321,10.902
22.429538333333333,61.48581,3,26.83,6903060,25.858,23.363545454545452,22.964750000000002,20.293363636363633,13.938809523809525,10.932
22.361736666666665,61.298276666666666,3,26.81,6903060,26.16,23.545583333333333,23.201545454545457,20.2464,14.020285714285713,10.922
22.338701666666665,61.119895,3,27.01,6903060,26.032,23.531666666666666,23.196,20.488846153846154,13.764111111111111,10.818
22.361265,60.94804333333333,3,26.82,6903060,26.587,23.465272727272726,23.17683333333333,20.2621,13.86035294117647,10.487
22.41984,60.810055,3,26.82,6903060,26.729,23.609,23.087636363636364,20.698,13.56,10.949
22.50779,60.689185,3,26.75,6903060,26.391,23.3248,23.002000000000002,20.5245,13.6212,10.926
22.583366666666667,60.61337666666667,3,25.8,6903060,26.126,23.338272727272727,23.14922222222222,20.963,13.925799999999999,11.021
22.64544,60.52964166666667,3,26.07,6903060,25.778,23.4733,23.236727272727276,20.4749,13.9765,10.897
22.811285,60.408395,3,26.17,6903060,26.137,23.680444444444444,23.223499999999998,20.553923076923077,13.754,10.766
23.014751666666665,60.35639666666667,3,26.2,6903060,25.972,23.529363636363637,23.0408,20.678900000000002,14.0631,11.062
23.11136,60.27674666666667,3,26.74,6903060,26.256,23.393636363636364,23.152454545454543,21.038222222222224,14.0244375,10.948
23.246936666666667,60.19007833333333,4,26.76,6903060,26.161,23.443454545454546,23.122666666666667,21.0152,14.175333333333333,11.398
23.334456666666668,60.15591666666667,4,26.47,6903060,26.429,23.3095,23.1545,20.9929,14.169142857142857,10.989
23.397816666666667,60.10368666666667,4,26.77,6903060,26.453,23.4596,23.11,20.6146,13.81335,10.877
23.41411,60.06095833333333,4,26.75,6903060,26.727,23.62181818181818,23.18525,20.505200000000002,13.993,11.064
24.42411166666667,60.05287666666667,4,28.48,6903060,27.649,23.59422222222222,23.1615,20.60288888888889,13.814666666666666,10.923
24.32869833333333,60.28975666666667,4,28.51,6903060,28.029,23.576,23.20609090909091,20.666300000000003,13.729937499999998,10.691
23.99177,60.237386666666666,4,28.2,6903060,28.006,23.441,23.306250000000002,21.179,13.689722222222223,10.928
23.87978833333333,60.14380166666667,5,29.01,6903060,28.828,23.538555555555558,23.1696,20.698,13.9406,11.185
21.987141666666663,60.470775,5,28.6,6903060,28.38,23.61766666666667,21.63172727272727,20.158,13.615250000000001,10.213
21.755415,60.32413666666667,5,28.92,6903060,27.521,23.27509090909091,22.63125,20.2298,13.861333333333333,10.858
21.708055,60.66406,5,28.61,6903060,27.401,23.3535,22.6264,20.245444444444445,13.955823529411765,11.404
21.60996,61.030745,5,28.53,6903060,28.091,23.38381818181818,22.685785714285714,20.216545454545454,13.725428571428571,10.921
21.436466666666668,60.960485,5,28.69,6903060,29.267,23.543222222222223,22.8415,20.735,13.6616,10.672
21.40712333333333,61.23713833333333,5,28.65,6903060,28.375,23.1194,22.512555555555558,20.4874,14.13515,10.812
21.21315833333333,61.100078333333336,5,28.92,6903060,28.73,23.72825,23.104,20.518,14.1421,10.864
21.23218,61.185265,5,29.15,6903060,28.703,23.884999999999998,22.854,20.43433333333333,14.270272727272728,10.643
20.87954,60.979146666666665,5,29.17,6903060,28.298,24.058,22.979125,20.659,13.990105263157895,10.753
20.75137833333333,61.1011,5,29.1,6903060,27.93,24.456666666666667,22.917,20.742916666666666,13.8292,10.994
20.37933,60.73864666666667,5,29.82,6903060,29.532,24.538444444444444,22.731571428571428,20.5606,14.19957894736842,11.144
20.05976833333333,60.59303833333333,6,29.78,6903060,29.28,25.2151,23.614545454545453,20.533454545454546,13.558,10.936
19.80981333333333,60.083688333333335,6,29.95,6903060,29.588,25.057,23.569,20.416833333333333,13.2947,11.237
22.442705,60.266558333333336,10,28.12,6903140,26.129,23.173399999999997,21.852400000000003,21.58688888888889,12.936833333333333,8.62
22.417155,61.28190166666667,10,29.1,6903140,29.094,22.21111111111111,21.123,20.967,12.892684210526316,8.882
22.332916666666662,62.093383333333335,10,29.3,6903140,29.168,24.149916666666666,20.146333333333335,15.824461538461538,13.44647619047619,8.77
22.211095,62.82786166666666,10,29.58,6903140,29.806,24.207,21.069,18.870199999999997,13.024,8.862
22.02050333333333,63.177955,10,29.53,6903140,29.067,24.359545454545454,21.3326,20.99581818181818,13.652894736842105,9.053
21.743126666666665,63.14488833333333,10,29.66,6903140,29.687,25.345,21.354,21.0672,13.758714285714285,9.126
21.588326666666667,63.004865,10,29.41,6903140,29.587,25.01818181818182,22.505,21.445818181818183,13.9268,9.113
21.621425,62.76943833333333,10,29.21,6903140,29.113,25.1251,22.50809090909091,20.8874,13.69945,9.202
21.75163833333333,62.65415,11,29.02,6903140,29.105,24.2092,22.1078,20.986923076923077,13.5841,9.144
21.985421666666667,62.64255166666667,11,29.25,6903140,29.149,22.7174,20.881,20.7828,13.2004,9.179
22.213473333333333,62.70877333333333,11,29.11,6903140,29.351,22.7942,21.200444444444447,19.750600000000002,13.030285714285714,9.254
22.460845,62.875365,11,29.1,6903140,29.205,22.887,20.70718181818182,18.75646153846154,13.070619047619047,9.115
22.60873,62.973305,11,28.79,6903140,28.794,23.3144,20.34992857142857,20.065,12.947666666666667,9.066
22.654476666666667,63.02113166666667,11,28.9,6903140,28.666,23.814857142857143,21.2086,20.515,13.13925,9.126
22.62424333333333,63.05007666666667,11,28.64,6903140,28.547,24.750444444444447,21.673272727272728,19.313,13.17675,9.151
22.510016666666665,63.04929333333333,11,28.43,6903140,28.363,25.412333333333333,21.03,19.96225,13.304833333333335,9.127
22.305146666666666,62.96174166666667,11,28.11,6903140,28.283,23.754571428571428,21.274,19.956444444444443,13.427,9.127
22.196843333333334,62.74926166666667,11,27.84,6903140,28.047,23.119,20.869799999999998,19.543599999999998,13.274,9.11
22.172743333333333,62.61175333333333,11,27.64,6903140,27.78,23.573,20.572,19.5423,13.359,8.957
22.05396,62.55268,11,27.82,6903140,28.24,24.901272727272726,21.91769230769231,19.9448,13.2696,9.083
21.843145,62.508565,11,27.84,6903140,27.787,26.2542,21.6463,19.69046153846154,13.343,9.017
21.612146666666668,62.432055,11,27.66,6903140,27.584,27.597,22.533,19.260555555555555,13.393761904761904,8.873
21.421295,62.30302,12,27.52,6903140,27.731,27.605,22.048499999999997,20.117666666666665,13.180590909090908,9.051
21.19023333333333,62.06311166666666,12,27.51,6903140,27.708,27.70790909090909,23.236214285714286,20.162,13.498368421052632,9.301
20.964981666666667,61.79477833333333,12,27.34,6903140,27.308,26.658916666666666,23.1495,20.171307692307693,13.927411764705884,9.182
20.76196833333333,61.520645,12,27.23,6903140,27.26,27.597,22.895,19.72275,14.054545454545455,9.128
20.612918333333333,61.15888666666667,12,27.02,6903140,26.886,26.942363636363634,22.814600000000002,19.0339,13.724142857142857,9.092
20.618368333333333,60.72174166666667,12,26.77,6903140,27.084,27.057125,23.746333333333332,18.959875,13.809619047619048,9.157
20.846766666666667,60.31408166666667,12,26.81,6903140,27.058,26.987181818181817,23.516,19.861800000000002,13.797095238095238,9.261
21.262735,60.020895,12,26.74,6903140,26.99,26.923,23.37,19.538,13.506333333333332,9.158
21.873336666666667,60.134525,12,26.33,6903140,26.637,26.688692307692307,23.532,19.56,13.618666666666666,9.241
22.26566,60.66728333333333,12,26.19,6903140,26.481,26.5041,23.226,20.034444444444446,13.56525,9.218
22.34794833333333,61.433506666666666,12,26.3,6903140,26.418,26.406545454545455,23.364,20.26518181818182,13.888058823529413,9.226
22.089795,61.732785,12,26.33,6903140,26.363,26.367,23.4479,20.711499999999997,14.111,9.606
22.08806833333333,60.569406666666666,12,26.17,6903140,26.257,26.274,23.48975,20.161727272727273,13.75688888888889,8.911
22.56975,60.347005,7,28.95,6903141,29.979,23.08725,21.336142857142857,17.79232258064516,12.720789473684212,8.666
22.66096333333333,60.92339,7,28.05,6903141,26.489,23.006692307692308,21.297666666666665,17.422888888888888,12.94261111111111,8.851
22.785665,61.590235,7,27.43,6903141,25.824,23.17325,21.305,17.686333333333334,12.9435,8.995
22.974308333333333,61.986355,7,27.11,6903141,29.051,22.999666666666666,21.39211111111111,17.4168,13.0995,8.906
23.178216666666668,62.21055,8,27.1,6903141,28.331,23.006076923076925,21.142699999999998,17.415916666666668,12.713833333333334,8.826
23.35814333333333,62.378931666666666,8,27.12,6903141,28.05,22.9335,21.329636363636364,16.963,12.58317391304348,8.714
23.493973333333333,62.562925,8,27.84,6903141,28.064,23.22375,20.812307692307694,17.57011111111111,12.530608695652173,8.633
23.540991666666667,62.78709,8,28.03,6903141,27.434,22.957916666666666,20.647,17.8942,12.602736842105262,8.732
23.551001666666668,63.01086333333333,8,27.24,6903141,27.289,23.476083333333335,21.063299999999998,17.826,12.960600000000001,8.762
23.581088333333334,63.182876666666665,8,26.25,6903141,26.896,23.472,21.405555555555555,18.02690909090909,12.94205,8.839
23.62020833333333,63.33547333333333,8,26.3,6903141,26.107,23.786272727272728,21.0504,17.984,13.085733333333334,8.965
23.63782,63.43799166666667,8,26.42,6903141,26.197,23.5125,21.671454545454544,18.029899999999998,13.142263157894737,9.039
23.65305833333333,63.50956333333333,8,26.55,6903141,26.362,23.266666666666666,22.149800000000003,18.164166666666667,13.264545454545454,9.027
23.651378333333334,63.53032833333334,8,26.78,6903141,26.44,23.244666666666667,22.5087,18.158272727272728,13.2885,8.984
23.64123333333333,63.55457,8,27.09,6903141,26.916,23.493,22.047454545454546,18.120454545454546,13.35357894736842,8.924
23.619675,63.557116666666666,8,26.73,6903141,26.647,23.59918181818182,22.351857142857146,18.1921,13.256315789473684,9.002
23.587771666666665,63.57825,8,25.85,6903141,26.761,23.574,21.9998,18.2544,13.206363636363637,8.993
23.55989,63.56805833333333,8,26.43,6903141,26.879,23.3793,22.156727272727274,18.094666666666665,13.318647058823528,8.986
23.527596666666668,63.511788333333335,8,26.31,6903141,27.123,23.41616666666667,21.7069,18.133272727272725,13.538,9.089
23.507191666666667,63.417321666666666,8,26.65,6903141,27.423,23.5044,22.114714285714285,17.984727272727273,13.3055,9.072
23.507466666666662,63.304915,9,27.08,6903141,27.879,23.467833333333335,22.0626,18.35009090909091,13.27677777777778,8.955
23.50718833333333,63.19370333333333,9,27.14,6903141,28.024,23.736,22.139,18.339,13.273045454545455,8.991
23.511495,63.08161666666667,9,27.53,6903141,28.2,24.928,22.25711111111111,18.066533333333332,13.053444444444445,8.891
23.497316666666663,62.94919166666666,9,28.15,6903141,28.201,23.9128,22.287399999999998,18.2585,13.232050000000001,8.961
23.515741666666667,62.82211,9,28.28,6903141,28.228,23.74927272727273,22.1954,18.478444444444445,13.106947368421054,8.997
23.54392333333333,62.69349,9,28.37,6903141,28.346,23.607454545454544,22.402625,18.236,13.173285714285713,9.025
23.594618333333333,62.56036833333334,9,28.18,6903141,28.407,23.4605,22.291333333333334,18.5675,13.102045454545454,9.003
23.690231666666666,62.393245,9,28.22,6903141,28.87,23.557,21.89022222222222,18.280272727272727,13.068761904761905,8.9
23.801291666666668,62.20632166666667,9,28.56,6903141,28.96,23.611375,21.946428571428573,18.3472,13.119842105263158,9.052
23.960251666666668,62.01789,9,28.7,6903141,29.134,23.724545454545456,21.873692307692306,18.270599999999998,13.2654,8.811
24.145416666666662,61.84779666666667,9,28.86,6903141,29.397,23.974833333333333,21.910266666666665,18.163666666666668,13.089,8.594
24.309711666666665,61.78132166666666,9,28.6,6903141,29.412,23.639714285714287,21.80981818181818,18.4395,13.1569,8.654
24.41788833333333,61.79561666666667,9,29.06,6903141,29.646,23.936700000000002,22.317555555555554,18.314090909090908,13.20663157894737,8.759
24.452026666666665,61.89066833333333,9,29.26,6903141,29.423,23.698,21.840555555555554,18.541700000000002,13.143,8.78
24.41158666666667,61.99876,9,29.42,6903141,29.442,23.352,21.004454545454546,17.8136,13.052888888888889,8.92
24.352561666666663,62.03771166666667,10,29.87,6903141,29.458,22.70325,20.128545454545456,17.506999999999998,13.213636363636365,8.792
24.271975,62.00413833333333,10,29.81,6903141,29.628,22.508866666666666,20.38875,17.428,13.022478260869566,8.853
24.191231666666667,61.87757333333333,10,29.43,6903141,29.563,22.218400000000003,20.018666666666668,17.639,12.910681818181818,8.727
24.11009333333333,61.67021666666667,10,28.83,6903141,29.39,22.22233333333333,19.9134,17.52733333333333,12.712391304347825,8.576
24.067685,61.394305,10,28.91,6903141,29.289,22.46775,20.013545454545454,17.401,12.72394117647059,8.648
24.04454,61.07902,10,29.32,6903141,29.395,22.398500000000002,20.194,17.081,12.791434782608695,8.698
24.032803333333334,60.716276666666666,10,29.17,6903141,29.449,22.521222222222224,19.804636363636362,17.648625000000003,12.629454545454545,8.818
24.006801666666668,60.30305666666667,10,29.08,6903141,29.079,22.298461538461538,19.819666666666667,17.381083333333336,12.70577777777778,8.796
22.93409833333333,60.070845,12,27.3,6903141,27.152,23.1666,20.798000000000002,18.0868,12.80575,8.565
22.68628333333333,60.551885,12,27.27,6903141,27.139,24.18883333333333,20.92581818181818,18.028599999999997,13.149947368421053,8.611
22.677701666666668,61.16064333333333,12,27.27,6903141,27.197,22.809285714285714,20.421,17.794,12.959555555555557,8.807
22.91653,61.590675,12,26.94,6903141,27.073,24.16866666666667,20.261333333333333,17.827,12.829666666666666,8.269
23.23493833333333,61.84627833333333,12,26.7,6903141,27.065,26.92,20.7,17.655,12.8925,8.678
23.60148333333333,61.922165,12,26.41,6903141,26.677,23.235,20.9682,17.322,12.793157894736842,8.827
23.94442833333333,61.85434333333333,12,26.05,6903141,26.245,23.06725,20.198999999999998,16.9865,12.673944444444444,8.779
24.23087,61.733495,12,25.9,6903141,25.945,25.801,20.191799999999997,17.2535,12.771545454545453,8.81
24.438996666666668,61.58782166666667,12,25.95,6903141,25.923,25.849,20.40425,17.496555555555553,12.702545454545454,8.805
24.571151666666665,61.379531666666665,12,26.02,6903141,25.771,25.872799999999998,20.531545454545455,17.49988888888889,12.813777777777778,8.887
24.65681,60.485175,12,26.06,6903141,25.81,25.738272727272726,20.306181818181816,17.695,12.628909090909092,8.838
17.638978666666667,66.44402199999999,6,31.53,6990514,31.522,28.680453125,24.467989847715735,18.17982513661202,12.58951185770751,9.146
17.696466166666667,66.47246683333333,6,31.44,6990514,31.419,28.26535416666667,24.32255721393035,18.51913775510204,12.617932203389831,11.801
17.723543,66.51668883333333,6,31.54,6990514,31.595,28.939980392156862,24.358137055837563,18.285973094170405,12.633713279678068,9.096
17.743384499999998,66.5593005,6,31.56,6990514,31.67,28.52232994923858,24.536507462686565,17.33137037037037,12.559307228915664,9.139
17.750770499999998,66.61390433333332,6,31.4,6990514,31.527,28.640962162162165,24.765082901554404,17.685857819905213,12.745808219178082,9.125
17.741332333333332,66.6646585,6,30.8,6990514,31.002,28.602699029126214,24.425197916666665,17.58290909090909,12.608283582089552,9.123
17.698480500000002,66.6644495,6,30.0,6990514,30.049,29.274673267326733,24.29,17.4999585492228,12.400310276679843,8.91
17.573527833333333,66.7022525,6,29.46,6990514,29.818,28.23707142857143,23.301980099502487,16.507135922330097,12.402647773279352,8.825
17.018993000000002,66.626452,6,29.96,6990514,29.692,29.443705583756344,23.490450777202074,17.110704663212434,12.36319028741328,8.728
16.640820166666668,66.2463185,6,29.18,6990514,28.835,23.58597837837838,22.695829787234043,18.492043902439026,12.460333996023857,8.674
16.337057166666668,65.7058275,7,28.41,6990514,28.621,28.610039999999998,23.62092039800995,17.65520512820513,12.470164328657313,8.556
16.132005499999998,65.368068,7,28.37,6990514,28.337,28.33595670995671,24.161020304568527,17.44035,12.433140120967742,8.436
15.7352765,65.11305316666667,7,27.53,6990514,27.725,27.68109574468085,24.29791836734694,17.539843575418995,12.37404069175992,8.643
15.313222833333334,64.87526766666666,8,27.38,6990514,27.474,27.454036649214657,25.147222222222222,18.81649,12.635422090729783,8.578
14.913109166666668,64.690952,8,27.76,6990514,27.219,27.139975369458128,26.863654999999998,19.305775510204082,12.613834834834835,8.495
14.668234166666666,64.72805983333333,8,28.16,6990514,28.225,27.50658706467662,27.34652422907489,19.29092,12.4261983805668,8.503
14.849781,64.89140316666666,9,28.11,6990514,28.288,27.145233009708736,26.407494845360826,18.710198019801982,12.503659229208925,8.481
15.090257666666666,64.78628416666668,9,28.41,6990514,28.278,27.801420512820513,26.89724623115578,18.999536842105265,12.405402777777779,8.552
15.420698166666666,64.459877,9,27.57,6990514,27.942,27.868,26.407800995024875,18.43755102040816,12.445604081632654,8.469
15.58536,64.30071566666668,9,28.39,6990514,28.459,27.508353846153845,26.524710144927536,18.15698404255319,12.513619918699186,8.526
15.607960166666665,64.17827583333333,10,29.09,6990514,28.858,27.272723618090453,26.276272727272726,18.16720091324201,12.703567030784509,8.793
15.744562333333333,64.10907516666666,10,28.97,6990514,29.328,27.289980582524272,25.045579710144928,18.175465346534654,12.597644268774703,8.507
15.856203999999998,63.957827,10,29.09,6990514,29.202,27.511876923076922,25.01566504854369,18.327450495049504,12.488781312127237,8.543
15.774188166666669,63.877016000000005,11,29.11,6990514,29.304,28.20279126213592,25.98675,19.2129900990099,12.519820792079209,8.538
15.533707333333332,63.83662883333333,11,29.09,6990514,29.065,27.264000000000003,25.46157425742574,18.643363636363635,12.479647928994083,8.508
15.479465333333334,63.83115083333334,11,29.21,6990514,29.044,27.40434,25.512505494505493,18.809015000000002,12.443578635014838,8.555
15.301522333333333,63.810613333333336,11,28.84,6990514,28.909,26.75427807486631,23.495914285714285,17.788422535211268,12.29484537131231,8.46
15.317957000000002,63.74244816666666,12,27.99,6990514,28.18,28.08462962962963,23.19886631016043,17.773725,12.129685598377282,8.476
15.359728,63.76293866666666,12,27.68,6990514,27.589,27.555,22.409346733668343,17.449686274509805,12.063548039215686,8.276
15.401741666666664,63.90110466666667,12,26.96,6990514,27.24,27.18259,22.353,16.84921198156682,12.27679363449692,8.471
8.516666666666667,89.86666666666666,9,28.58,6990608,28.553,28.70472340425532,23.483531914893618,13.76716384180791,9.804988047808765,6.55
8.466666666666667,89.88333333333334,9,28.4,6990608,28.591,28.657836734693877,23.5426875,13.296815028901735,9.776812,6.516
8.4,89.88333333333334,9,28.31,6990608,28.644,28.569563106796117,23.36964705882353,13.20709659090909,9.797356275303644,6.607
8.333333333333334,89.88333333333334,10,28.29,6990608,28.619,28.50873786407767,22.934692307692305,14.401240000000001,9.72875294117647,6.573
8.25,89.86666666666666,10,28.3,6990608,28.683,28.5765,22.969505617977525,13.515103260869566,9.87912048192771,6.575
8.183333333333334,89.86666666666666,10,28.19,6990608,28.646,28.578727272727274,21.182546391752577,13.81349710982659,9.832264227642277,6.779
8.116666666666667,89.86666666666666,10,28.41,6990608,28.584,28.286233644859813,22.582693181818183,13.246203389830509,9.827608870967742,6.605
8.05,89.86666666666666,10,28.63,6990608,28.613,27.365758620689654,21.24666666666667,13.371686046511629,9.793328,6.618
7.983333333333333,89.85,10,28.67,6990608,28.762,28.549455445544556,21.300666666666668,13.442228070175439,9.960470119521913,6.729
7.933333333333334,89.85,10,28.64,6990608,28.763,28.611359223300973,23.092326086956522,13.677201183431952,10.083,6.473
7.883333333333333,89.85,10,28.8,6990608,28.776,28.59756,22.588846153846152,13.244668711656441,9.918595141700404,6.604
7.816666666666666,89.85,10,28.87,6990608,29.08,28.662,21.958443298969073,13.60285549132948,10.021169960474309,6.699
7.766666666666667,89.83333333333333,10,28.85,6990608,29.161,28.57150980392157,21.5823786407767,13.699966292134832,9.953357429718876,6.589
7.7,89.83333333333333,10,28.83,6990608,28.478,28.550958333333334,22.22310891089109,13.228881656804734,9.954947368421053,6.701
7.633333333333333,89.81666666666666,10,28.64,6990608,28.741,28.45172549019608,20.474190476190476,13.621091428571429,9.913524,6.625
7.583333333333333,89.81666666666666,10,28.77,6990608,28.65,28.130222222222223,19.92580198019802,13.392229885057471,9.887884462151394,6.588
7.3,89.58333333333333,10,28.71,6990608,28.957,27.55231914893617,19.432701030927834,13.455220338983052,9.802710843373495,6.513
7.366666666666666,89.48333333333333,11,29.35,6990608,29.35,26.994340659340658,20.572333333333333,12.746580246913581,9.771652173913044,6.599
7.7,89.58333333333333,11,29.79,6990608,29.917,26.501074766355142,18.526959595959596,12.68801129943503,9.84391129032258,6.648
7.933333333333334,89.73333333333333,11,29.42,6990608,29.748,25.739771739130436,18.14262365591398,12.340610169491526,9.791289156626505,6.626
8.066666666666666,89.78333333333333,12,28.5,6990608,28.713,23.765619047619047,16.603494845360824,12.483845714285714,9.807675889328063,6.636
8.333333333333334,89.75,12,28.89,6990608,29.096,23.747076923076925,16.73485046728972,12.53093023255814,9.835327935222672,6.7
8.6,89.75,12,28.74,6990608,28.992,24.360412371134018,18.146826086956523,13.034994318181818,9.95716,6.726
8.25,88.93333333333334,10,28.59,6990609,28.914,28.755781250000002,27.17081443298969,14.433945054945054,9.91767469879518,6.539
8.416666666666666,88.96666666666667,10,29.02,6990609,28.829,28.780326732673267,23.690040816326533,13.905,9.977261044176707,6.476
8.5,88.88333333333334,10,28.59,6990609,28.795,28.5717962962963,23.72466,13.542728323699423,9.964786821705426,6.405
8.633333333333333,88.73333333333333,11,29.43,6990609,29.779,27.046784313725492,19.213632075471697,12.870314285714285,9.536633466135457,6.51
8.966666666666667,88.45,11,29.96,6990609,30.239,27.444366336633664,20.52732323232323,13.001533333333333,9.674714859437751,6.497
9.1,88.3,11,29.37,6990609,29.591,28.407543689320388,20.779897959183675,13.581616766467066,9.904741935483871,6.66
9.033333333333331,88.35,12,29.05,6990609,28.988,27.43154347826087,20.092144329896907,12.707473684210527,9.80855905511811,6.626
8.733333333333333,88.51666666666667,12,29.08,6990609,29.346,26.959454545454545,19.124267326732674,12.479129213483146,9.672404858299595,6.624
8.816666666666666,88.85,12,28.79,6990609,28.913,25.276158878504674,17.40689108910891,12.22584705882353,9.682601593625499,6.691
9.366666666666667,89.35,12,28.44,6990609,28.724,27.745444444444445,18.37145,12.626907514450867,9.82844,6.738
20.216666666666665,65.96666666666667,10,29.08,6990610,29.716,25.783032608695652,22.263676470588234,18.413313609467455,12.869204,8.972
20.366666666666667,65.85,10,29.3,6990610,29.576,28.0051320754717,22.88308910891089,18.708644067796612,12.95996015936255,9.009
20.48333333333333,65.78333333333333,11,29.77,6990610,29.473,27.644375,22.67011111111111,18.861117647058823,12.961519841269842,9.1
20.58333333333333,65.68333333333334,11,28.73,6990610,28.646,28.15872340425532,22.98522105263158,18.675122905027933,13.006766798418973,9.013
20.716666666666665,65.58333333333333,11,28.11,6990610,28.117,27.747260416666666,22.8825306122449,18.692085714285714,12.88312,9.203
20.8,65.48333333333333,12,26.72,6990610,26.264,26.29857425742574,22.845711340206186,18.53477714285714,12.981791164658635,9.213
20.883333333333333,65.43333333333334,12,26.04,6990610,25.921,25.61658695652174,22.553376344086022,18.71457142857143,12.916517928286853,9.199
20.416666666666668,65.06666666666666,10,29.28,6990611,29.775,26.79659595959596,22.188424242424244,18.22813793103448,12.883943548387096,8.819
20.98333333333333,64.68333333333334,11,29.53,6990611,29.566,26.917,22.855168316831683,18.476861271676302,13.032624505928855,8.856
20.95,64.95,11,29.53,6990611,29.172,25.821367346938775,22.858040404040405,19.103578947368423,13.079592156862745,8.984
21.23333333333333,64.48333333333333,11,28.35,6990611,28.525,28.148990384615384,22.34811,18.475265193370166,13.186967871485944,8.608
21.45,64.96666666666667,12,27.66,6990611,27.558,26.943545454545454,23.068896907216494,18.311129411764703,13.053112903225808,8.934
21.48333333333333,64.65,12,26.65,6990611,26.712,26.496252525252526,22.549,19.967476744186047,12.97863453815261,8.872
21.766666666666666,65.18333333333334,12,25.76,6990611,25.955,25.984886597938146,23.10819801980198,18.417494318181816,13.051168674698795,8.963
22.166666666666668,65.21666666666667,12,25.25,6990611,25.621,25.647029702970297,22.795408163265307,19.369511627906977,13.112725099601594,8.942
14.916666666666666,69.0,11,29.59,6990612,29.796,28.069425742574257,21.592584158415843,16.511238095238095,11.928629482071715,8.223
14.883333333333333,69.01666666666667,11,29.85,6990612,29.999,27.31250485436893,22.53678217821782,16.529298245614033,12.234048192771084,8.14
14.95,69.0,11,29.61,6990612,29.718,28.488339622641508,21.972285714285714,16.042928571428572,12.076458823529412,8.365
15.116666666666667,68.95,12,28.99,6990612,29.222,23.67458585858586,19.626,15.96181142857143,12.217598425196849,8.413
15.116666666666667,68.93333333333334,12,28.49,6990612,28.788,25.701866666666664,20.005838383838384,15.663696629213483,11.674015384615386,8.6
14.983333333333333,68.93333333333334,12,28.26,6990612,28.614,27.15013829787234,19.877147058823528,15.71672,11.860178571428571,8.461
14.116666666666667,88.95,9,28.2,7901125,28.755,27.354207920792078,21.186284210526317,13.712235294117647,9.67097975708502,6.589
14.666666666666666,89.0,10,29.37,7901125,29.333,28.7565,21.928296703296702,14.005179190751445,10.03081124497992,6.821
14.95,89.46666666666667,10,29.61,7901125,29.822,28.73758695652174,22.449705263157895,13.713788235294118,10.001644,6.927
14.433333333333334,89.65,10,29.39,7901125,29.431,28.62221782178218,22.23934375,13.336626436781609,9.955147410358567,6.945
13.7,89.3,11,29.57,7901125,29.689,28.57810891089109,21.37666304347826,13.56251724137931,9.963999999999999,6.853
13.266666666666667,88.86666666666666,11,29.15,7901125,29.44,28.166170212765955,21.25578,13.309908045977012,9.799473684210527,6.786
12.983333333333333,88.58333333333333,11,29.09,7901125,29.249,28.505168316831686,21.053733333333334,13.690747126436781,9.76572619047619,6.528
12.816666666666666,88.6,12,29.3,7901125,29.698,29.076346534653464,21.502085106382978,13.44005172413793,9.60516,6.523
13.166666666666666,88.83333333333333,12,28.76,7901125,28.804,28.115263157894738,21.5973786407767,13.49987912087912,9.697234374999999,6.598
11.633333333333333,88.58333333333333,10,28.34,7901126,28.58,28.326,21.81169607843137,14.323359550561797,9.982114624505929,6.647
11.583333333333334,88.38333333333334,10,29.17,7901126,29.374,28.108,21.14090909090909,14.624511494252873,9.867999999999999,6.798
11.55,88.16666666666667,10,29.34,7901126,29.302,24.82364077669903,19.532028037383178,14.15010119047619,9.727274193548388,6.69
11.65,87.91666666666667,10,29.37,7901126,29.767,25.638742574257424,20.256999999999998,13.741670520231214,9.766456692913387,6.6
11.85,87.65,11,29.57,7901126,29.594,27.445666666666668,21.270375,14.174479289940829,9.84808695652174,6.765
11.85,87.5,11,29.34,7901126,29.504,26.780771428571427,21.032705882352943,14.218306358381502,9.872200000000001,6.693
11.883333333333333,87.33333333333333,11,28.82,7901126,29.105,27.439214285714286,20.51207920792079,13.983102857142857,9.865825910931175,6.664
11.883333333333333,87.15,12,29.14,7901126,29.062,27.8791568627451,20.566950980392157,13.376860465116279,9.809362549800797,6.678
11.866666666666667,87.06666666666666,12,28.72,7901126,28.949,27.426444444444446,20.441222222222223,13.525563218390804,9.805308300395257,6.513
11.95,87.11666666666666,12,28.75,7901126,28.823,28.217781249999998,21.175736842105263,13.784878612716764,9.843232,6.754
9.7,88.53333333333333,9,28.84,7901127,28.923,28.615153846153845,24.186603773584906,14.125489130434783,9.826566406249999,7.03
10.033333333333331,88.7,10,28.48,7901127,28.721,28.609740000000002,23.45560606060606,14.848674285714287,9.93666265060241,6.718
10.2,88.85,10,28.86,7901127,29.158,28.18422,22.146343137254902,13.364029411764706,9.753945945945947,6.714
10.333333333333334,89.01666666666667,10,29.01,7901127,29.152,25.10275,20.60029411764706,13.208460227272727,9.844983870967743,6.641
10.566666666666666,88.96666666666667,11,29.37,7901127,29.556,26.67140776699029,20.865285714285715,13.513542857142857,9.932896825396826,6.668
10.6,88.81666666666666,11,29.88,7901127,29.864,28.002105263157894,21.251524752475248,13.101135593220338,9.829640167364017,6.744
10.483333333333333,88.73333333333333,11,29.4,7901127,29.566,27.707172043010754,20.636811881188116,12.950237288135593,9.929289156626506,6.712
10.433333333333334,88.6,12,28.78,7901127,29.2,28.194018867924527,20.498372549019606,12.842470588235294,9.727762096774194,6.791
10.233333333333333,88.35,12,29.24,7901127,29.283,27.969084210526315,20.478942857142858,13.065832369942196,9.849714285714285,6.694
10.033333333333331,88.06666666666666,12,28.89,7901127,29.11,28.48542857142857,20.077545454545454,12.692225988700566,9.704901960784314,6.613
9.783333333333331,87.8,12,28.49,7901127,28.657,26.994273684210526,19.378401960784313,12.73035593220339,9.812424,6.66
19.48333333333333,66.66666666666667,10,28.96,7901128,29.522,26.11573786407767,22.239425742574255,18.155546511627907,13.091856,8.967
19.433333333333334,66.5,10,29.29,7901128,29.436,27.199608695652174,21.897653465346536,18.19669540229885,12.990224899598394,8.992
19.433333333333334,66.5,11,29.78,7901128,29.43,28.648600000000002,22.83518181818182,18.232462427745663,12.977339920948618,9.075
19.383333333333333,66.28333333333333,11,29.21,7901128,28.945,28.07538144329897,22.48846153846154,17.014157894736844,13.157780876494025,9.009
19.45,66.38333333333334,11,28.41,7901128,28.449,28.148364583333333,22.43586,17.342131147540982,12.961972111553784,9.062
19.55,66.3,12,27.21,7901128,27.227,26.89899019607843,22.331769230769233,17.77959281437126,12.94601204819277,8.946
19.2,66.41666666666667,12,26.6,7901128,26.471,26.482711538461537,22.271449999999998,18.411215568862275,12.825434108527132,9.076
16.294923333333333,68.30558833333333,10,29.33,7901136,29.573,26.65414,22.33628,16.090253424657533,11.985052173913044,8.421
16.294665,68.30504166666667,10,29.33,7901136,29.523,26.238303030303033,22.19118367346939,16.106483221476513,12.139666666666667,8.567
16.298666666666666,68.29724166666666,10,29.26,7901136,29.511,26.68818367346939,22.446979591836737,15.992931506849317,12.132219730941705,8.623
16.298398333333335,68.28408666666667,10,29.36,7901136,29.546,27.0530303030303,22.608298969072163,16.284013513513514,12.155585585585586,8.53
16.296045,68.283765,11,29.45,7901136,29.63,26.780711340206185,22.56379381443299,16.004463087248322,12.145142857142856,8.422
16.299878333333332,68.28151,11,29.49,7901136,29.554,26.702804123711342,22.134854166666667,16.16133333333333,12.123932126696833,8.478
16.296423333333333,68.27281666666667,11,29.48,7901136,29.585,27.568510204081633,21.368484536082477,15.729812080536913,11.998018348623853,8.403
16.430281666666666,68.26737833333334,11,29.78,7901136,29.76,26.430855670103092,19.689389473684212,15.96587837837838,12.124887892376682,8.347
16.622193333333332,68.21931,11,29.53,7901136,29.509,25.19794117647059,19.184,15.975219178082192,11.976607142857143,8.43
16.861858333333334,68.12427833333334,12,28.54,7901136,28.702,26.249422680412373,19.430177083333334,15.17194701986755,12.063955357142857,8.286
17.058376666666668,68.11501666666666,12,28.08,7901136,27.598,27.042458333333332,20.01930693069307,15.726824324324324,12.083417040358745,8.613
17.238905,68.23034333333334,12,27.5,7901136,27.682,26.909181818181818,20.2729898989899,16.014187919463087,12.034392070484582,8.561
